 ,Mean1,Mean2,Mean3,Mean4,Mean5,Mean6,Mean7,Mean8,Mean9,Mean10
1,73.823,73.712,62.516,78.014,61.443,58.609,59.742,64.721,77.903,71.373
2,74.244,73.851,63.361,77.449,62.118,59.466,60.058,65.604,79.070,70.052
3,74.189,73.832,63.847,77.544,62.529,58.644,60.349,66.306,78.783,70.076
4,75.246,73.177,62.971,77.798,62.325,58.605,60.829,66.404,80.131,69.570
5,75.136,73.674,63.894,77.586,61.829,58.438,61.399,66.052,79.855,69.305
6,75.303,74.086,64.798,78.193,62.375,58.794,61.995,66.139,80.004,68.068
7,75.140,74.489,64.406,77.866,62.894,58.235,61.661,67.492,80.086,68.627
8,75.168,74.491,65.031,77.052,61.748,58.292,61.561,67.454,78.875,68.703
9,74.844,74.749,65.512,77.581,62.650,58.719,61.692,67.311,78.831,68.996
10,75.437,75.281,65.745,76.854,62.678,58.783,61.495,67.664,78.943,68.329
11,75.368,75.541,65.688,76.089,63.856,58.641,61.596,67.650,78.489,68.213
12,75.356,75.981,65.986,76.151,63.363,58.520,61.649,67.522,78.581,67.835
13,75.956,75.998,65.712,76.346,63.625,58.448,61.543,67.809,78.573,67.434
14,75.844,76.063,66.510,76.711,63.700,59.463,61.368,68.549,78.496,68.574
15,76.308,76.735,65.990,75.722,64.224,58.982,62.005,68.637,78.464,67.968
16,76.133,75.903,66.335,75.108,64.642,59.025,61.613,68.117,78.100,67.811
17,75.862,76.536,65.922,74.640,64.234,59.477,60.955,69.301,78.020,68.249
18,75.802,77.055,66.590,74.235,65.768,60.598,60.798,68.664,77.308,67.233
19,75.880,76.942,66.267,74.129,66.010,61.520,60.434,69.623,76.614,67.932
20,74.915,77.063,65.059,74.122,65.184,61.619,60.131,68.948,76.663,67.622
21,74.439,76.657,65.655,73.614,65.552,62.278,60.313,68.128,76.819,67.185
22,74.841,75.991,65.169,73.704,65.290,62.747,60.353,68.456,77.055,67.273
23,75.255,76.160,64.665,73.511,65.645,62.306,59.871,68.869,76.625,67.948
24,75.878,76.320,65.176,73.562,65.015,62.167,60.477,68.019,76.361,66.301
25,75.416,75.013,64.308,72.828,64.617,62.060,59.982,67.844,76.341,66.586
26,73.533,73.824,63.671,73.061,63.380,61.680,59.159,66.962,76.302,66.667
27,72.703,72.782,63.763,72.696,62.872,60.352,59.500,66.500,76.210,66.980
28,71.078,72.296,62.759,71.369,61.380,59.317,59.126,65.046,75.760,66.181
29,70.623,71.398,62.880,71.169,61.081,58.477,58.722,65.210,75.468,66.321
30,69.315,70.893,62.690,71.235,60.285,57.847,58.725,64.858,75.343,65.787
31,68.607,70.942,62.637,70.941,60.985,57.730,58.525,64.530,75.705,65.727
32,68.595,71.132,62.667,70.614,60.773,57.448,58.323,64.112,75.104,65.064
33,67.402,70.361,62.645,70.134,60.559,57.242,58.343,63.809,75.147,64.992
34,67.841,70.227,62.729,70.233,60.723,57.623,58.224,64.287,74.983,64.996
35,68.474,70.387,62.678,70.049,60.486,57.794,58.526,63.366,74.870,65.622
36,67.074,70.418,62.755,70.035,60.657,57.680,58.368,63.656,75.479,65.169
37,68.513,70.472,63.110,69.816,60.189,58.085,58.126,64.085,75.177,65.060
38,68.428,70.442,62.773,70.000,60.207,57.313,58.272,64.358,75.009,65.189
39,68.453,70.202,62.678,70.614,60.819,57.733,58.440,64.399,75.242,65.811
40,68.244,70.006,62.835,69.536,60.514,57.473,58.556,64.292,75.196,64.827
41,68.536,70.271,62.529,70.386,60.877,57.559,58.634,64.036,75.092,65.032
42,68.163,70.317,62.971,69.868,60.035,57.932,58.373,64.030,74.836,65.594
43,69.039,70.009,63.337,69.158,60.534,57.936,58.247,64.041,74.969,64.964
44,67.487,69.527,62.551,70.195,59.610,57.214,58.060,64.885,74.850,64.112
45,68.280,70.478,62.918,69.518,61.118,58.036,58.022,65.041,75.207,65.301
46,68.032,69.893,62.984,69.762,60.665,57.769,57.526,64.437,75.496,65.157
47,68.361,70.006,62.561,69.744,60.889,58.327,58.399,64.268,75.110,65.084
48,68.646,69.514,63.035,69.595,60.086,58.053,58.205,64.273,74.501,65.072
49,67.940,70.448,62.729,69.995,60.680,57.829,58.056,64.036,74.948,64.988
50,68.198,69.719,63.202,69.967,60.038,57.370,57.988,64.615,74.999,64.695
51,68.384,69.909,62.406,69.678,60.945,56.932,58.202,63.762,74.901,64.859
52,67.846,70.254,62.671,70.167,60.322,57.441,57.619,64.301,74.669,65.474
53,67.674,69.712,62.349,69.228,60.650,57.527,58.002,64.186,75.186,65.016
54,67.474,69.578,62.853,70.261,60.456,57.256,57.922,63.801,75.463,65.325
55,67.694,69.813,61.873,69.591,60.892,57.473,58.356,64.000,75.474,65.522
56,66.777,69.434,62.971,69.946,60.413,57.470,58.113,64.413,74.782,64.687
57,73.651,73.016,62.559,72.301,62.610,58.374,59.646,65.511,75.675,66.181
58,67.887,69.152,62.384,69.198,59.955,57.438,57.964,63.372,75.184,64.703
59,67.545,69.589,61.900,69.586,60.446,57.064,58.230,64.811,74.855,64.112
60,67.080,69.834,62.512,68.896,60.222,57.295,58.570,64.158,75.322,64.847
61,67.076,70.110,62.843,69.252,59.942,57.367,57.988,64.251,74.482,64.434
62,67.669,69.770,62.353,70.195,60.683,57.448,58.242,63.563,75.036,64.578
63,67.032,69.442,62.463,68.932,60.892,56.996,57.983,64.888,74.938,64.538
64,72.936,73.224,62.829,72.748,62.186,58.680,59.465,64.650,75.738,66.984
65,66.906,69.528,62.700,69.631,60.141,57.224,58.171,64.016,74.690,64.888
66,72.129,73.238,62.859,71.984,62.088,58.135,59.732,65.552,76.120,66.647
67,67.393,69.129,62.929,69.292,60.443,57.865,57.825,63.639,74.950,64.699
68,67.710,69.429,63.020,69.569,59.839,57.281,57.714,63.784,74.749,64.185
69,72.508,73.569,62.500,72.181,62.123,58.815,60.263,65.227,76.174,66.663
70,71.407,73.019,63.188,72.174,62.244,58.950,60.392,65.005,75.772,67.353
71,66.533,69.298,62.484,69.360,60.375,56.562,57.753,63.429,74.034,64.329
72,73.257,73.592,63.357,72.734,62.267,57.722,59.502,65.735,75.242,65.904
73,66.605,69.147,63.122,69.165,59.990,57.267,58.096,63.555,74.798,64.133
74,66.563,68.873,62.980,69.741,60.270,57.409,58.228,63.519,74.411,63.570
75,71.837,73.056,62.967,71.193,62.139,58.559,60.233,65.525,75.744,65.996
76,66.860,69.041,62.545,69.459,59.912,57.335,57.796,64.044,74.591,64.430
77,67.057,69.774,62.496,69.358,59.952,56.915,57.765,64.131,74.727,64.040
78,71.722,72.420,63.135,72.087,62.756,58.811,59.497,65.585,75.654,66.406
79,66.515,68.920,62.298,69.254,59.632,57.363,57.646,63.631,73.973,63.663
80,71.457,73.147,62.896,71.911,62.327,58.178,59.906,65.407,75.678,65.863
81,66.894,69.439,62.947,69.031,60.015,56.808,58.452,63.970,74.881,64.185
82,71.170,73.245,62.920,71.541,62.640,58.790,59.780,65.478,75.283,65.876
83,67.253,68.745,62.618,68.941,60.491,57.605,57.556,63.678,74.416,65.072
84,73.451,73.235,62.700,71.769,62.491,58.786,59.591,64.779,75.476,65.161
85,72.294,73.265,63.176,71.734,62.096,58.754,60.199,65.317,75.372,66.526
86,66.501,69.122,62.155,67.598,60.229,56.861,57.765,64.011,74.854,63.365
87,72.591,72.829,63.076,72.106,61.554,58.185,60.089,65.374,75.601,66.048
88,72.051,73.309,63.139,71.696,62.146,58.658,59.611,65.066,75.424,66.076
89,72.117,73.014,62.747,72.108,62.582,58.231,59.656,65.251,75.775,66.341
90,72.478,73.682,63.055,71.054,62.788,58.512,59.619,65.642,75.096,66.566
91,72.517,72.995,63.031,71.962,62.229,59.164,59.687,64.874,75.396,66.369
92,65.680,68.915,61.931,68.235,59.728,57.445,58.341,63.396,74.333,63.466
93,73.476,73.323,63.161,72.221,62.144,58.050,59.689,65.243,75.067,65.851
94,72.759,73.624,62.910,71.106,62.224,58.754,59.868,65.418,75.563,65.984
95,73.336,73.638,62.782,72.722,62.373,58.772,59.497,65.754,75.207,66.008
96,66.299,69.107,62.955,68.508,59.539,57.402,57.672,63.478,74.192,63.518
97,72.634,73.346,62.641,71.631,62.038,58.395,59.464,65.372,75.200,65.803
98,71.986,73.089,63.127,71.955,61.927,58.819,59.550,64.784,75.667,65.494
99,73.913,73.282,63.227,72.628,61.758,59.231,59.495,65.104,75.513,65.418
100,65.623,68.798,61.922,68.016,59.821,56.651,57.712,63.582,74.046,63.205
101,73.051,72.782,62.961,71.668,62.131,58.886,59.652,65.202,75.459,66.494
102,72.120,73.282,63.022,71.809,62.247,58.445,59.492,65.038,75.508,65.976
103,72.671,73.061,62.849,72.122,61.678,58.125,60.118,65.383,75.386,65.972
104,73.720,72.649,62.420,71.948,61.965,59.302,59.565,65.191,74.976,65.976
105,72.126,73.375,62.865,72.781,61.650,58.317,59.934,65.484,75.594,65.896
106,71.646,72.569,62.824,72.049,62.126,58.441,59.950,65.475,74.885,65.631
107,72.251,72.701,63.347,72.179,62.489,57.730,59.478,65.232,75.237,66.759
108,71.887,72.218,62.414,71.729,62.020,58.911,59.425,65.249,75.810,66.514
109,72.664,73.716,63.376,72.184,61.935,58.459,59.273,65.910,74.824,66.478
110,65.694,68.458,61.902,68.845,60.343,57.206,57.901,64.046,73.953,62.884
111,72.494,73.185,62.641,71.426,62.227,58.929,59.757,65.478,75.287,65.992
112,73.584,73.466,62.347,71.645,61.736,59.214,59.675,65.672,75.266,65.871
113,73.083,73.503,62.584,72.398,61.804,58.157,60.121,65.071,75.376,66.285
114,71.795,72.571,63.043,71.591,62.058,59.082,59.644,65.060,74.875,65.566
115,67.823,70.259,62.767,69.819,60.662,57.516,58.556,64.404,74.904,65.317
116,69.699,71.246,63.153,71.054,60.557,58.456,58.575,64.852,75.645,66.129
117,70.667,71.389,62.951,70.433,61.539,57.623,58.727,64.667,75.456,65.341
118,69.710,71.552,62.261,70.591,60.935,57.911,58.414,64.500,75.614,65.807
119,69.949,71.740,63.020,70.984,61.539,58.107,58.498,64.781,75.189,66.305
120,70.432,71.462,63.114,70.913,61.285,58.441,58.846,64.658,75.547,66.759
121,70.864,72.266,62.700,71.235,60.985,58.356,58.864,64.924,75.477,65.807
122,71.467,72.202,63.424,71.445,61.516,57.843,58.745,65.156,75.042,66.044
123,71.103,71.909,62.931,71.268,60.977,58.488,58.818,64.921,75.955,66.948
124,71.729,72.111,62.831,71.569,61.209,58.367,59.142,65.205,75.925,66.337
125,72.085,72.176,62.741,72.271,61.380,58.196,59.320,65.451,76.056,66.554
126,71.007,71.831,63.602,71.489,61.892,57.349,58.836,65.186,75.906,66.249
127,72.064,72.378,63.045,71.398,61.395,59.107,59.435,65.486,75.558,66.329
128,67.101,70.125,62.820,69.299,61.111,57.007,57.833,64.161,74.901,64.177
129,74.014,73.202,62.843,71.612,61.373,58.060,59.944,65.131,75.156,65.671
130,73.340,72.629,62.865,73.099,62.232,58.858,59.245,65.434,75.140,65.743
131,66.343,68.513,62.827,67.962,60.282,56.765,57.790,63.292,74.184,63.759
132,68.841,70.525,62.773,70.256,60.720,58.000,58.487,64.191,74.763,65.056
133,71.687,72.299,63.016,72.214,61.786,58.904,58.987,65.145,75.924,66.165
134,73.816,73.088,63.351,72.334,62.139,59.093,59.341,64.989,75.368,66.229
135,74.559,72.296,62.606,72.101,61.589,58.861,59.907,66.571,74.979,66.743
136,74.800,72.397,63.157,71.240,61.060,58.199,59.136,65.568,75.241,66.711
137,74.894,72.685,62.310,72.160,62.174,58.868,59.555,64.995,75.466,66.116
138,74.883,72.371,63.237,71.515,62.005,58.548,60.137,65.962,75.346,66.245
139,74.722,73.058,63.382,72.120,62.005,58.552,59.508,65.650,74.840,66.743
140,74.161,73.190,62.394,72.654,61.955,58.363,59.348,66.189,75.308,66.309
141,73.375,73.346,63.176,72.779,62.008,58.626,59.997,65.645,75.955,66.004
142,74.621,72.313,62.857,72.009,61.977,59.530,59.430,65.926,75.439,66.402
143,74.092,73.437,63.094,71.880,62.123,58.164,59.344,65.421,75.250,66.345
144,74.434,72.777,62.816,72.115,61.997,59.306,59.459,65.041,76.174,66.349
145,74.699,73.124,62.900,71.986,62.048,58.975,59.762,65.339,75.463,67.526
146,74.729,73.135,63.294,72.071,61.662,58.694,59.147,64.877,75.040,65.892
147,74.209,73.127,62.867,72.198,62.252,59.082,59.651,65.301,75.729,66.426
148,73.749,72.925,62.527,72.275,62.589,58.502,59.783,64.940,75.833,66.145
149,75.253,72.476,62.718,71.998,62.101,58.491,59.947,65.669,75.795,66.325
150,74.991,73.505,62.496,72.125,61.957,58.932,60.053,64.817,75.730,65.241
151,74.786,73.531,62.806,71.911,61.675,58.705,59.647,64.956,75.091,66.369
152,74.359,72.610,62.663,71.934,61.940,59.000,59.411,65.145,75.581,65.807
153,75.156,72.342,62.665,71.758,61.736,58.957,59.609,65.251,75.200,65.683
154,73.855,71.160,62.114,69.511,60.428,57.573,59.575,65.762,73.112,62.823
155,74.754,72.652,62.259,71.600,61.529,58.569,59.485,65.161,75.094,64.667
156,74.954,72.845,62.651,70.353,61.300,58.516,59.662,65.415,73.372,65.092
157,74.966,72.487,62.394,70.308,61.509,58.609,59.510,64.913,73.080,64.209
158,74.789,71.107,62.333,69.647,60.615,58.669,59.507,65.175,73.145,63.554
159,73.811,72.487,61.994,69.873,61.113,58.562,59.392,65.582,72.775,62.847
160,74.398,71.751,62.614,70.012,61.607,58.018,59.517,65.194,73.036,62.755
161,73.731,71.354,62.461,69.191,60.509,58.441,59.207,65.208,73.096,63.394
162,74.582,72.809,62.580,69.739,61.259,58.363,59.853,65.478,73.403,63.313
163,74.115,72.103,62.551,69.744,61.154,58.996,59.288,65.456,73.633,63.711
164,74.667,72.415,62.441,69.911,61.141,59.665,59.243,66.096,73.446,63.683
165,74.726,72.475,62.033,70.329,60.385,59.050,59.434,65.126,72.993,63.884
166,75.497,72.107,61.949,69.948,61.504,58.295,59.384,65.579,73.720,64.992
167,74.740,72.138,62.322,70.548,61.285,59.171,58.692,66.210,73.534,63.325
168,74.917,71.942,62.329,70.252,61.078,58.765,59.048,65.208,73.703,64.357
169,74.726,71.630,61.727,69.671,61.282,58.181,58.912,65.872,72.673,63.325
170,74.513,71.583,62.184,69.833,60.474,58.900,59.104,65.432,73.371,63.578
171,74.156,71.354,61.900,69.739,61.305,58.142,59.281,65.292,72.981,63.277
172,73.984,72.379,62.182,70.584,60.892,58.964,58.803,65.202,73.037,63.185
173,74.710,71.638,62.343,69.515,60.882,58.512,58.977,65.650,72.818,62.309
174,74.676,71.726,62.200,69.944,61.297,58.267,58.990,65.087,72.840,63.924
175,75.867,71.812,61.739,69.529,60.438,57.900,59.073,65.230,72.923,63.269
176,74.609,71.426,61.455,70.264,61.365,58.388,58.377,64.792,73.070,64.016
177,74.770,72.127,62.327,69.979,60.929,58.043,59.127,64.470,73.597,64.080
178,74.825,71.953,62.402,68.699,60.902,59.128,59.199,64.571,73.165,62.819
179,74.692,71.351,61.765,69.256,60.751,58.345,59.589,65.014,73.190,63.546
180,73.853,71.177,62.182,69.694,60.486,57.886,58.930,65.637,72.497,63.265
181,73.499,71.809,61.557,69.809,60.698,58.452,59.005,64.929,73.431,63.546
182,74.347,72.249,62.227,69.965,60.605,58.199,59.348,64.702,73.005,63.651
183,74.575,71.693,61.573,69.682,60.204,58.598,59.407,65.090,72.531,63.369
184,74.474,71.646,61.749,69.668,60.856,58.367,58.631,64.719,73.185,63.602
185,74.554,71.511,61.824,69.800,60.519,58.214,58.922,65.549,72.935,64.498
186,74.880,71.889,62.041,70.078,60.486,58.128,58.813,64.803,73.315,64.000
187,74.559,71.929,61.900,69.553,61.350,58.335,59.503,65.628,73.266,64.767
188,74.977,71.431,62.384,69.296,60.287,58.423,59.306,65.082,72.913,63.502
189,74.349,72.265,62.361,68.995,60.723,58.484,59.417,64.115,73.242,64.289
190,73.903,72.282,62.190,70.252,59.947,58.840,58.912,64.803,72.866,63.293
191,74.336,71.724,62.027,70.332,61.108,58.605,59.180,65.495,72.581,63.928
192,74.324,71.331,62.331,70.195,60.456,58.395,59.020,64.918,73.476,63.269
193,74.894,71.334,61.898,69.784,60.743,58.046,58.959,64.544,73.315,64.076
194,75.315,72.034,61.843,70.259,60.748,58.651,59.046,64.926,73.688,63.550
195,74.032,70.961,61.929,70.504,60.494,58.584,59.089,64.956,73.145,63.173
196,73.892,71.853,62.361,69.527,60.869,58.423,59.272,65.434,72.845,64.104
197,74.809,71.803,61.645,69.336,60.869,58.495,59.482,65.754,73.536,63.566
198,74.998,71.614,61.498,69.664,60.587,58.178,58.964,64.418,72.808,64.028
199,74.972,71.765,61.843,69.699,60.393,58.224,58.775,65.101,73.124,64.084
200,75.262,71.718,62.290,70.475,60.559,58.594,58.939,64.866,73.461,64.510
201,75.113,71.585,61.790,70.471,61.380,58.975,59.195,64.828,73.355,63.470
202,75.055,71.900,62.059,69.496,60.952,58.808,58.927,65.156,72.870,64.181
203,73.938,71.491,61.843,69.426,60.723,58.715,58.793,64.724,72.680,63.550
204,74.646,71.458,62.163,69.732,60.091,58.918,59.161,64.585,73.582,63.663
205,74.676,71.566,61.878,70.101,60.247,58.025,59.013,64.585,72.571,63.602
206,74.860,71.245,61.496,69.520,60.451,58.367,59.344,65.145,72.733,62.976
207,74.264,71.553,62.822,71.706,60.733,58.712,58.826,64.727,72.861,64.000
208,87.917,82.818,70.388,78.911,61.511,62.609,60.579,66.363,74.192,65.546
209,90.009,87.031,71.000,86.153,62.554,62.907,61.215,66.276,74.808,67.900
210,96.069,100.995,69.192,96.056,64.809,65.847,62.209,65.489,74.945,69.213
211,98.533,109.870,69.192,102.278,67.317,65.253,63.065,66.191,78.044,73.313
212,94.478,121.395,69.920,110.894,68.874,67.712,64.119,66.030,79.619,74.478
213,93.310,124.668,69.502,107.104,66.962,67.890,64.050,65.637,76.939,70.586
214,88.864,131.268,71.598,122.638,73.287,67.680,63.724,64.995,82.347,76.538
215,84.867,129.334,71.939,128.725,72.904,67.726,63.823,65.120,82.841,79.036
216,82.952,130.210,73.241,133.320,74.511,66.367,63.702,64.738,82.999,79.297
217,80.736,131.583,72.951,140.219,73.446,66.103,63.838,64.637,82.619,80.289
218,79.600,136.030,73.273,140.242,73.748,65.648,65.174,65.022,83.390,80.365
219,78.315,130.796,71.490,140.814,71.207,64.456,64.755,65.145,82.707,81.020
220,75.768,136.820,72.153,139.435,71.537,65.562,65.217,65.003,82.190,81.285
221,85.255,136.223,72.771,138.421,71.741,65.772,64.161,66.134,81.787,80.835
222,90.113,141.014,72.533,142.753,73.489,68.708,65.728,65.587,82.582,80.855
223,89.414,141.553,74.918,142.240,74.000,68.160,65.187,66.175,83.327,81.558
224,96.232,143.958,74.333,144.640,72.625,67.374,65.531,66.344,83.635,82.618
225,95.499,147.328,74.963,141.096,72.982,67.541,65.793,65.648,82.105,82.133
226,93.345,141.078,72.810,142.624,71.584,65.715,64.349,65.224,80.619,81.008
227,92.713,136.544,71.571,141.111,69.101,63.160,63.425,65.202,79.223,81.494
228,89.025,129.208,69.900,139.734,67.678,62.470,63.235,65.150,78.903,80.173
229,86.579,120.582,65.988,125.944,65.161,60.391,62.003,64.519,75.116,74.317
230,86.285,115.745,65.527,126.019,63.463,60.053,61.387,64.377,75.591,74.116
231,84.559,112.545,65.316,126.934,64.315,60.032,61.528,65.421,77.045,77.450
232,84.634,104.016,64.171,120.868,63.302,59.192,60.861,64.495,74.126,73.080
233,82.853,98.384,63.443,115.412,61.940,58.801,59.810,64.434,73.820,70.976
234,80.789,95.945,63.147,112.066,61.229,58.498,60.394,64.314,73.471,69.048
235,78.986,93.265,63.157,113.071,62.486,58.548,60.283,64.642,73.458,71.249
236,78.922,90.284,61.980,113.760,62.474,59.114,59.866,64.380,72.921,70.462
237,77.938,87.415,61.743,109.958,61.247,58.267,59.922,64.342,73.085,69.478
238,78.391,86.086,61.839,107.835,61.406,58.548,59.538,65.336,73.333,69.679
239,77.179,84.487,62.312,105.767,60.730,58.495,59.440,64.451,73.367,68.618
240,76.685,82.848,61.602,101.962,61.086,57.858,59.417,64.880,73.809,67.932
241,76.586,80.873,61.761,102.344,61.078,58.851,59.344,64.525,72.232,68.727
242,76.244,80.003,61.518,104.576,60.479,58.160,59.253,64.653,73.213,69.245
243,76.297,79.422,61.782,102.214,60.380,58.584,58.897,64.705,73.156,68.651
244,76.149,77.630,61.757,100.379,60.962,57.637,59.041,64.683,73.057,68.056
245,76.274,77.350,61.655,97.793,60.630,58.253,58.884,65.107,72.840,67.739
246,77.611,76.020,62.139,95.195,60.831,58.370,59.364,64.393,72.748,66.851
247,79.014,76.303,61.963,94.198,60.630,58.534,59.301,64.432,73.201,66.341
248,78.455,74.886,61.790,92.741,60.645,58.050,58.998,64.481,72.963,66.980
249,76.733,74.926,62.027,90.456,60.458,57.854,58.641,64.978,73.240,66.365
250,76.984,75.138,62.271,90.009,60.977,57.854,58.533,64.798,73.399,66.446
251,75.297,74.616,61.520,89.059,61.385,58.758,58.710,65.128,73.326,65.321
252,76.841,74.470,62.294,87.948,60.345,58.014,58.868,63.880,73.481,65.743
253,77.430,77.955,62.467,89.680,61.348,61.470,59.240,64.686,73.804,67.185
254,87.841,99.262,65.986,91.155,64.844,67.374,59.710,65.404,73.596,66.582
255,87.508,112.898,67.512,89.544,66.919,70.302,60.222,64.937,73.777,66.538
256,86.520,119.795,67.078,90.951,67.390,72.171,61.013,65.145,73.557,67.912
257,90.618,127.525,66.935,92.845,67.526,72.064,61.247,65.366,74.051,68.020
258,87.320,125.674,66.622,90.513,67.081,72.153,61.571,65.374,74.421,68.157
259,85.239,122.680,66.708,91.365,67.196,70.804,61.518,65.295,74.905,67.892
260,87.297,133.644,67.773,98.991,68.811,71.794,63.129,66.052,74.662,68.655
261,86.720,132.986,67.333,98.379,67.509,70.288,62.470,64.637,75.026,69.137
262,86.200,128.489,66.643,95.746,66.758,68.601,61.935,64.634,74.554,69.181
263,84.267,124.362,64.973,91.696,66.436,69.164,61.230,64.995,74.760,67.739
264,82.237,120.567,64.633,88.466,65.327,68.064,61.127,64.495,74.135,66.305
265,80.467,119.517,64.057,87.934,65.136,68.210,60.642,64.642,74.257,67.000
266,79.568,116.854,63.820,85.915,66.141,67.875,60.159,64.978,74.589,67.104
267,81.329,118.636,63.873,84.306,66.698,68.157,59.535,65.022,73.723,67.032
268,81.149,118.868,64.076,82.569,67.877,68.719,60.073,65.156,73.804,66.867
269,80.053,118.172,64.233,81.619,67.854,68.427,59.863,65.667,73.682,66.430
270,79.195,116.056,63.671,80.369,66.264,68.349,59.806,65.068,73.637,66.116
271,77.690,112.078,63.104,80.315,64.879,66.235,59.366,65.123,73.734,65.414
272,77.232,106.961,62.996,77.969,63.778,66.406,59.457,65.191,73.276,66.482
273,76.708,103.779,62.576,79.273,63.516,65.167,59.940,64.732,73.814,66.096
274,79.876,101.951,62.490,77.094,64.385,63.865,58.985,65.199,74.292,66.952
275,80.336,100.614,63.359,76.842,63.746,64.391,59.089,65.027,73.553,65.277
276,78.906,98.204,62.071,76.805,63.479,64.352,59.025,65.112,73.839,66.755
277,77.145,95.354,62.441,75.252,63.504,63.409,59.469,65.350,73.623,65.948
278,76.995,94.375,62.237,74.988,62.589,65.900,59.455,63.902,73.780,65.165
279,77.011,92.041,62.394,74.508,62.605,65.480,59.109,64.497,73.376,65.365
280,76.471,89.561,62.390,74.675,62.116,64.057,58.613,65.044,73.780,65.651
281,76.402,86.520,62.184,73.769,61.506,62.548,59.263,65.456,73.677,65.606
282,76.113,85.451,62.349,73.781,62.015,61.566,58.815,64.770,73.713,66.129
283,76.218,83.224,62.388,73.167,61.758,60.473,58.829,65.076,73.662,66.068
284,75.060,80.751,61.688,73.478,61.715,60.427,58.859,65.139,73.792,66.048
285,75.099,80.056,61.518,72.998,62.217,59.637,58.907,64.508,74.338,64.880
286,75.708,79.160,62.224,72.362,61.657,59.548,58.877,65.120,73.295,66.317
287,75.485,78.295,62.063,72.428,61.285,59.068,58.763,64.057,73.416,65.249
288,75.524,77.191,62.433,72.245,61.680,59.132,59.121,64.770,73.057,65.169
289,74.347,77.165,61.310,71.320,61.524,58.512,59.267,64.924,73.474,64.892
290,75.591,77.118,61.792,71.480,61.217,58.936,58.859,64.628,73.693,65.333
291,75.085,75.759,62.533,71.581,61.456,57.790,58.674,64.164,73.523,65.743
292,74.315,75.478,62.622,71.035,61.305,58.448,58.483,64.503,73.226,64.859
293,76.789,75.373,62.367,71.193,61.166,58.975,59.028,65.366,73.352,64.892
294,84.995,74.657,61.888,71.179,61.249,58.719,58.935,64.765,73.181,65.129
295,83.124,74.538,61.849,70.986,61.358,58.616,59.111,64.601,73.378,65.052
296,80.517,74.641,62.163,70.661,61.222,58.431,58.382,64.995,73.457,65.867
297,79.441,73.862,61.933,70.365,61.134,58.046,58.434,64.918,73.217,64.325
298,77.800,73.207,61.871,70.781,61.264,58.562,58.987,64.904,72.956,64.562
299,77.234,73.494,62.286,70.736,60.814,57.843,59.450,64.809,72.804,65.586
300,75.986,72.923,61.620,70.136,60.844,58.434,58.629,64.311,72.645,65.153
301,75.745,73.594,62.286,70.614,61.748,59.036,58.536,64.694,73.491,64.570
302,75.002,72.704,61.931,70.628,60.572,58.505,58.907,64.221,72.801,64.430
303,75.823,72.940,61.594,70.572,60.584,58.605,59.205,64.634,72.794,63.952
304,75.552,72.939,61.435,70.501,60.972,58.776,59.179,64.913,73.283,64.815
305,75.269,73.045,61.871,70.386,61.176,57.851,59.083,64.986,73.060,65.173
306,76.041,72.318,62.080,70.668,61.101,58.502,58.803,65.527,72.596,64.510
307,75.002,73.382,62.147,70.435,60.693,58.221,58.773,64.456,73.075,64.209
308,74.641,72.433,61.910,70.082,60.866,57.954,59.013,64.730,72.582,64.052
309,76.037,72.525,62.202,69.687,61.131,58.587,59.336,64.041,73.692,64.590
310,74.936,72.143,61.657,70.089,60.438,58.808,58.988,64.451,73.156,63.888
311,75.064,72.002,61.724,70.788,61.668,58.769,59.036,64.358,72.875,64.683
312,75.094,72.152,61.973,70.066,60.698,58.801,58.502,64.893,73.453,63.635
313,75.214,72.047,62.245,70.348,60.859,58.516,59.308,64.932,72.825,64.639
314,75.048,71.942,62.200,70.226,61.408,58.669,59.300,64.448,73.412,64.430
315,74.575,72.699,62.069,69.899,60.509,57.797,58.627,64.538,73.378,64.008
316,75.007,71.989,62.410,70.158,60.884,58.427,59.137,64.669,73.604,64.755
317,73.966,71.823,61.851,69.551,61.048,58.726,58.662,64.366,72.572,63.406
318,75.223,71.953,61.692,69.588,61.131,59.050,58.526,64.448,72.931,64.598
319,74.136,71.908,62.233,69.645,61.169,58.075,58.846,64.317,73.114,65.229
320,74.395,71.853,61.682,70.346,60.756,58.851,59.513,64.232,73.317,65.622
321,74.251,71.884,62.163,70.096,61.330,58.502,58.699,64.607,72.732,63.406
322,74.237,72.125,61.218,70.238,61.224,58.302,59.432,64.325,72.665,63.185
323,74.740,71.944,61.916,69.779,60.426,58.189,58.781,63.798,72.809,64.064
324,74.821,71.824,61.494,69.379,61.154,57.299,59.470,64.872,72.536,63.900
325,74.310,72.096,61.880,69.645,60.640,58.573,58.210,64.557,72.844,63.867
326,74.285,71.859,61.665,68.927,60.327,58.936,58.556,64.888,72.744,64.173
327,73.294,71.835,61.214,68.678,60.584,58.580,59.315,63.995,72.708,63.807
328,74.067,71.243,61.867,69.675,60.123,58.331,58.987,65.074,72.499,63.618
329,74.005,71.124,62.022,70.198,61.033,58.427,58.651,63.880,72.218,62.944
330,74.267,71.476,61.478,69.336,60.509,58.078,59.055,64.380,72.212,63.321
331,75.110,71.210,62.024,69.329,60.705,57.936,59.030,64.454,72.137,63.996
332,74.320,71.279,61.635,68.336,60.793,59.181,58.810,64.525,72.273,64.145
333,74.260,71.392,61.039,70.042,60.542,57.883,58.611,64.694,72.417,64.414
334,73.933,71.379,61.753,69.838,60.499,58.911,58.853,64.932,71.851,64.382
335,74.324,71.944,61.378,69.273,60.756,59.285,59.195,64.639,72.643,63.867
336,74.490,71.125,61.512,68.826,60.904,58.342,58.439,63.962,72.680,63.426
337,73.759,71.486,60.886,69.861,60.501,58.028,58.457,64.183,72.512,64.116
338,73.887,70.929,61.310,69.005,60.335,57.662,58.724,64.716,72.187,63.538
339,74.543,71.478,61.320,68.958,60.703,58.573,59.038,64.536,72.064,63.683
340,73.811,70.712,61.835,68.353,60.282,57.804,59.053,64.702,72.233,63.273
341,73.706,70.588,61.124,68.995,60.053,58.274,58.551,64.727,72.089,62.904
342,73.722,70.889,61.331,68.715,59.929,57.658,58.664,64.172,71.625,62.373
343,74.009,70.404,61.316,68.428,60.149,57.633,58.680,63.831,71.810,62.602
344,73.428,71.271,61.008,68.176,59.798,58.302,59.217,64.169,71.764,62.691
345,73.517,71.304,61.676,69.052,59.856,57.359,58.556,64.038,71.462,62.916
346,73.726,70.893,61.631,68.814,60.005,57.740,58.613,63.992,71.191,62.795
347,73.170,70.702,61.339,68.379,60.577,57.854,58.404,64.686,71.542,62.884
348,73.257,70.897,61.359,67.901,60.567,57.915,58.594,64.582,71.692,63.317
349,73.529,70.804,61.369,68.327,60.275,57.665,58.525,64.328,71.444,62.799
350,73.476,70.947,61.112,68.421,60.451,58.416,58.402,64.514,71.427,62.912
351,72.926,70.516,61.473,68.979,59.688,57.861,58.505,64.000,71.266,62.430
352,72.894,70.726,61.327,68.529,60.151,57.050,58.902,63.891,71.764,63.639
353,73.653,70.807,61.322,67.969,59.932,58.139,58.397,64.781,71.502,62.157
354,72.639,70.414,60.847,68.600,59.383,57.616,58.396,64.538,71.649,62.691
355,74.034,71.110,61.429,68.699,59.972,58.057,58.212,64.347,71.695,62.201
356,74.177,70.768,61.614,68.409,60.884,58.335,58.570,64.454,72.052,63.406
357,74.005,71.052,61.392,68.948,60.592,58.310,59.035,63.790,71.894,64.181
358,73.336,71.665,61.420,69.198,60.108,58.552,58.565,64.295,72.467,63.277
359,73.655,71.654,62.037,69.744,60.511,58.359,58.977,64.708,72.554,63.470
360,74.163,70.096,61.488,69.042,60.076,58.509,58.750,64.678,71.866,62.197
361,73.779,70.922,61.286,68.518,60.184,58.413,59.028,64.254,72.217,63.482
362,74.028,71.154,61.869,68.682,60.940,58.488,58.651,64.817,72.037,63.422
363,73.280,71.177,61.635,69.649,60.149,57.381,59.333,64.142,72.492,63.659
364,73.906,71.340,62.271,69.167,60.725,57.843,58.997,64.243,72.340,63.558
365,74.099,71.373,61.441,68.922,60.128,57.890,58.887,64.497,72.262,63.815
366,73.855,71.005,62.078,69.699,60.204,57.875,58.843,64.738,72.629,63.968
367,74.600,70.898,61.441,69.807,60.519,58.438,58.921,64.325,72.391,63.715
368,73.349,70.674,61.639,69.348,61.065,58.192,58.714,63.273,72.105,63.197
369,73.589,70.691,61.939,69.209,60.134,58.295,58.725,64.604,72.125,62.663
370,73.694,71.129,61.488,68.744,60.048,57.484,58.768,63.861,71.944,64.068
371,73.984,70.865,61.357,69.181,60.804,58.473,58.733,64.199,72.111,63.582
372,74.326,70.895,62.096,69.047,60.549,58.349,59.281,64.336,72.504,63.851
373,74.149,71.113,61.224,69.113,59.872,58.093,59.056,64.148,72.513,63.390
374,74.336,70.647,61.490,69.160,60.368,58.452,59.119,64.016,72.762,64.345
375,74.103,71.306,61.396,69.379,60.602,58.320,58.278,64.336,72.665,63.281
376,74.455,71.589,62.096,69.579,61.355,58.288,59.356,64.525,72.251,63.819
377,75.071,71.528,62.000,69.824,60.390,58.918,59.189,64.861,72.790,63.305
378,74.092,71.224,62.067,69.708,60.514,57.751,58.816,64.085,72.136,63.968
379,74.538,71.799,61.563,69.833,60.746,58.758,59.084,64.120,72.292,64.365
380,74.251,71.810,61.504,70.282,60.146,58.541,58.896,64.205,73.084,65.056
381,74.103,71.790,61.727,69.861,61.214,58.452,59.298,64.604,73.526,64.108
382,75.515,71.843,61.320,69.927,60.524,57.954,59.013,64.913,72.702,64.839
383,74.926,71.777,62.396,70.238,61.461,58.733,59.175,64.948,72.935,64.108
384,74.954,71.503,61.916,69.899,61.030,58.256,59.470,64.642,73.282,64.968
385,74.818,71.563,62.186,69.699,61.005,59.149,58.758,64.366,73.698,65.498
386,74.244,72.038,62.490,70.682,61.355,58.641,59.194,64.538,73.164,65.526
387,74.216,72.455,62.098,70.468,62.000,58.651,59.272,64.576,73.541,64.618
388,73.731,71.961,62.976,71.056,61.411,58.733,58.876,64.350,73.894,66.185
389,72.733,71.586,62.106,70.536,61.670,58.238,59.068,64.806,73.908,66.205
390,73.607,71.693,62.004,71.184,61.426,58.381,59.007,64.246,73.930,66.639
391,73.205,72.285,62.045,71.264,61.247,59.253,59.425,64.232,73.850,66.739
392,73.211,72.246,62.349,71.031,61.494,58.986,58.848,64.101,74.222,66.289
393,73.106,71.812,62.516,70.927,61.821,58.655,59.214,64.475,74.444,66.253
394,72.621,71.354,62.437,71.386,61.539,59.053,59.233,64.689,74.326,66.229
395,72.515,72.473,61.884,70.984,61.214,58.808,58.719,64.833,74.372,66.020
396,70.485,72.025,62.553,71.221,61.159,58.566,59.060,64.697,74.414,65.795
397,72.037,71.542,62.753,71.381,61.705,58.014,58.644,63.937,74.561,65.880
398,72.446,71.857,62.455,71.459,61.275,58.573,58.944,64.776,74.129,65.458
399,73.200,71.439,62.406,71.520,61.428,58.107,59.175,65.049,74.082,65.679
400,72.499,71.895,62.535,70.718,61.199,57.413,59.126,64.445,74.245,66.273
401,71.343,71.466,62.551,70.951,61.469,58.231,58.442,64.071,74.212,65.610
402,70.966,71.677,62.594,71.226,61.348,58.100,58.925,64.295,74.290,65.683
403,71.370,71.466,62.547,70.435,60.950,58.270,59.500,65.462,74.503,66.622
404,71.982,71.828,62.467,71.522,61.703,57.993,59.263,64.620,73.969,66.526
405,71.345,71.649,62.731,71.292,62.227,59.349,58.929,65.025,74.910,66.084
406,72.320,71.616,62.704,71.489,61.141,58.302,58.955,63.514,74.218,65.847
407,72.811,71.536,62.800,70.645,61.348,57.708,58.944,64.648,74.527,66.855
408,73.069,72.139,62.767,71.299,61.343,59.107,58.947,65.369,73.804,66.096
409,72.766,71.599,62.308,70.624,60.995,58.352,58.919,64.213,75.045,66.434
410,72.216,71.914,62.445,71.176,61.864,58.103,58.896,64.743,74.250,66.052
411,72.113,71.629,62.688,71.085,61.330,59.299,58.904,64.801,74.605,65.418
412,72.545,72.285,62.729,70.254,62.045,58.445,59.404,64.377,73.489,66.851
413,72.414,72.288,62.590,71.146,61.924,57.922,59.056,65.090,74.041,66.197
414,72.382,71.680,62.233,70.682,61.287,58.573,59.313,64.883,74.398,66.743
415,71.772,72.147,62.571,71.367,62.282,58.637,58.987,64.533,74.335,66.197
416,71.487,72.158,62.422,72.200,61.237,58.801,59.439,64.902,74.720,67.044
417,72.536,72.160,63.104,70.562,61.426,58.448,58.704,64.552,74.617,66.353
418,72.683,72.266,62.876,70.758,61.874,58.879,59.002,64.989,74.199,65.406
419,71.791,71.882,62.776,70.904,61.801,58.395,58.856,64.421,74.413,66.044
420,72.299,71.839,62.453,70.894,61.237,58.377,58.647,65.377,74.561,67.349
421,71.239,72.296,62.614,71.567,61.642,58.068,58.642,64.724,74.438,66.960
422,71.579,71.078,62.651,70.005,61.773,57.940,59.265,64.601,74.905,65.968
423,71.733,71.976,62.755,70.685,62.020,57.619,59.127,64.904,74.247,66.390
424,71.370,72.527,63.169,70.546,61.647,58.722,58.667,64.273,74.242,66.293
425,71.547,71.942,62.714,71.271,61.594,59.128,58.864,64.279,74.996,66.851
426,71.871,72.006,62.233,71.296,61.851,58.238,59.096,64.658,74.370,67.141
427,71.674,71.861,62.424,71.555,62.013,58.413,59.267,64.530,74.202,67.020
428,71.434,71.632,62.655,70.976,61.829,58.000,59.048,64.743,74.203,66.281
429,71.186,72.039,62.649,71.381,61.501,58.345,58.753,65.593,73.790,66.265
430,71.497,71.745,62.355,71.176,61.542,58.733,59.325,64.598,74.531,66.442
431,71.469,71.777,62.465,70.951,61.846,59.164,58.623,64.287,74.056,66.064
432,70.899,71.375,62.596,70.595,61.466,58.783,58.828,64.352,74.703,66.145
433,70.683,71.925,62.347,70.666,61.516,58.854,58.675,64.637,74.095,66.120
434,70.531,71.544,62.476,70.762,61.307,58.270,58.914,64.576,74.238,65.956
435,70.853,71.922,62.641,71.040,61.516,58.772,58.932,64.680,74.200,66.727
436,70.738,71.578,62.216,70.593,61.733,58.484,59.091,64.779,74.483,66.028
437,70.598,71.197,62.718,71.299,61.567,58.890,59.026,64.787,74.652,65.133
438,70.513,71.462,62.020,70.687,60.912,58.762,58.957,64.702,74.000,66.839
439,69.963,70.856,62.198,70.736,61.028,58.352,58.987,64.825,74.757,65.305
440,70.018,70.878,62.710,70.894,61.678,58.128,58.608,64.342,74.704,66.313
441,70.563,71.439,62.618,71.115,61.824,58.352,58.786,64.751,74.151,65.546
442,70.676,70.922,62.196,70.555,61.597,58.758,58.550,65.090,74.461,66.249
443,69.977,71.638,62.769,70.489,61.781,58.363,59.281,65.109,74.883,66.169
444,70.478,71.337,62.598,71.228,61.960,58.847,58.786,64.762,74.513,65.731
445,70.303,71.422,62.457,70.864,61.504,58.683,59.008,64.601,74.341,65.341
446,70.715,72.072,62.700,70.452,61.773,59.601,58.664,64.934,74.512,66.414
447,70.053,71.340,62.884,69.468,62.186,58.665,58.608,64.806,74.770,65.775
448,69.269,71.122,62.857,70.151,61.118,58.295,58.733,64.456,73.929,66.490
449,69.584,71.417,63.180,70.207,61.630,58.762,59.424,64.669,74.772,65.574
450,69.172,71.135,63.010,70.732,61.383,58.448,59.214,65.257,74.473,66.080
451,69.779,70.770,62.100,70.242,61.466,58.349,58.608,64.978,74.885,65.679
452,69.699,71.774,63.292,70.539,61.209,59.100,58.912,65.079,73.953,66.036
453,69.733,71.082,62.808,70.525,61.647,58.904,58.897,64.842,74.680,65.855
454,69.782,71.146,62.988,70.266,61.247,58.523,59.078,64.503,74.200,65.249
455,68.559,70.784,62.835,71.068,61.869,59.060,58.386,63.872,74.548,65.325
456,68.754,70.288,62.112,70.179,60.703,58.135,58.988,63.984,74.411,65.590
457,69.611,71.433,63.004,70.372,61.126,58.790,59.190,64.473,74.813,65.036
458,69.117,70.912,62.649,70.242,61.587,59.181,59.093,64.505,74.067,64.490
459,68.372,70.851,62.465,70.384,61.431,58.673,58.452,64.178,74.588,65.253
460,68.841,70.710,62.631,69.748,61.819,58.100,58.780,64.495,74.462,65.289
461,69.331,70.887,62.596,69.856,61.526,58.922,57.965,63.954,74.808,65.972
462,69.168,70.826,63.020,70.515,61.670,58.288,59.245,64.918,74.355,64.699
463,68.451,70.873,62.890,69.431,61.275,58.242,58.970,64.270,74.322,65.269
464,69.255,71.052,62.831,70.202,60.997,58.822,59.219,64.732,75.166,65.297
465,69.023,70.843,63.496,71.012,61.023,58.363,58.414,64.719,74.597,65.916
466,69.011,71.654,62.941,69.868,60.549,59.068,58.576,65.153,74.317,64.980
467,69.057,70.944,63.008,69.831,61.254,58.210,58.735,63.631,74.910,65.763
468,69.271,70.650,63.055,70.953,61.312,59.263,59.055,64.262,74.819,65.402
469,68.200,70.116,62.422,69.678,60.781,58.295,58.863,65.033,74.176,65.715
470,68.966,70.987,62.935,70.734,61.058,58.772,58.864,64.874,74.189,65.386
471,68.680,70.641,63.757,72.769,61.257,59.224,58.525,63.954,74.288,66.108
472,68.595,71.127,63.153,72.602,61.662,58.897,58.492,64.418,74.567,65.285
473,68.664,70.762,63.043,74.722,61.788,58.687,58.467,64.683,74.760,66.177
474,68.832,70.596,63.682,76.245,61.630,58.178,58.454,64.309,75.035,66.237
475,68.437,70.346,63.065,78.515,61.552,58.623,58.680,64.003,74.933,66.422
476,69.572,70.270,63.290,79.875,61.557,59.000,59.154,64.290,74.478,66.747
477,68.377,70.569,62.541,79.814,61.149,58.911,58.560,64.473,74.390,67.329
478,68.784,71.232,62.900,78.868,61.776,59.149,59.164,64.615,74.486,66.944
479,68.595,70.868,63.282,77.301,61.103,58.911,59.157,63.956,74.526,66.771
480,69.172,70.607,62.545,75.520,61.635,58.075,58.831,64.011,74.426,66.454
481,69.510,71.235,63.033,74.334,61.166,58.530,58.588,64.399,74.358,65.618
482,69.683,70.487,62.959,73.708,61.199,58.178,58.377,64.063,74.404,65.574
483,70.223,71.293,62.939,73.282,62.068,58.950,58.818,64.281,74.572,65.570
484,69.922,70.790,62.916,72.861,60.950,58.580,58.526,64.730,74.512,65.707
485,68.844,70.343,62.443,72.021,61.395,58.381,58.854,64.508,74.015,65.703
486,69.313,71.042,62.784,72.071,61.927,58.584,59.611,64.115,74.615,66.197
487,69.011,70.969,62.910,71.746,61.491,58.423,58.748,64.713,74.794,65.325
488,69.110,71.166,62.439,71.144,61.184,58.185,58.969,64.481,74.265,64.988
489,68.814,71.066,63.129,71.395,61.975,58.491,58.634,64.902,73.901,65.084
490,68.529,70.785,63.269,71.431,61.282,59.534,58.656,64.426,74.434,66.036
491,69.085,71.006,63.194,71.802,61.151,58.833,59.081,64.675,74.533,65.020
492,68.936,70.491,62.618,71.075,61.071,57.893,58.783,64.951,74.805,65.386
493,68.678,70.834,63.267,70.816,60.899,58.434,58.646,64.311,74.247,65.948
494,69.692,70.607,63.806,71.104,61.559,58.872,59.055,64.719,74.245,64.635
495,69.087,71.260,62.580,70.974,61.499,59.178,58.695,64.598,73.888,65.024
496,69.161,70.614,62.851,70.984,61.320,58.662,59.108,64.033,75.171,65.691
497,68.531,71.310,62.855,71.296,61.083,59.100,59.081,64.798,74.638,65.197
498,69.055,71.024,63.131,70.508,61.169,59.125,58.626,64.295,75.096,65.550
499,68.209,70.367,63.353,70.791,62.038,58.445,59.399,64.631,74.625,64.365
500,68.405,71.257,63.810,70.501,61.390,59.267,58.467,64.454,74.370,66.229
501,69.317,71.058,62.814,70.042,60.516,58.623,58.740,64.557,74.201,65.908
502,68.791,70.575,62.912,70.995,60.650,58.135,58.613,63.967,74.015,65.526
503,68.246,70.078,63.337,70.398,61.270,58.181,58.699,64.227,74.365,64.402
504,68.152,70.970,63.557,70.442,60.975,58.491,58.207,64.331,74.240,64.566
505,68.756,70.292,63.753,69.781,61.179,58.434,58.523,64.891,74.537,65.177
506,68.154,70.702,62.796,70.160,60.927,58.811,58.988,63.828,74.473,66.173
507,68.232,70.727,62.943,70.487,61.098,58.740,59.152,64.306,74.752,65.197
508,67.871,70.553,63.331,70.075,61.144,58.907,58.374,63.626,73.820,65.538
509,68.614,70.561,62.998,70.431,61.290,58.160,59.531,64.402,74.116,64.671
510,68.625,70.495,62.386,69.981,61.214,58.900,57.975,63.762,74.036,64.755
511,68.731,70.815,62.927,70.718,61.411,58.349,58.548,64.027,74.191,64.635
512,68.340,70.737,62.508,69.944,61.249,58.402,58.578,63.885,74.418,65.329
513,68.520,70.393,63.222,69.447,61.169,58.562,58.687,64.817,74.227,64.839
514,68.221,70.677,62.920,70.504,60.078,58.544,58.714,64.320,74.516,65.000
515,68.717,70.533,63.012,70.421,61.854,58.402,58.805,64.273,74.597,64.586
516,68.538,70.904,62.690,70.492,60.914,57.851,59.114,63.445,74.248,65.622
517,68.237,70.638,62.567,69.755,61.315,58.630,58.821,64.194,74.287,65.108
518,68.271,70.685,62.476,69.699,61.348,58.416,59.036,64.014,74.524,65.731
519,68.048,70.230,62.298,70.082,61.577,58.708,58.616,63.842,75.027,64.948
520,68.497,70.683,62.953,71.087,61.302,58.423,59.065,64.216,74.283,65.032
521,68.234,71.121,63.173,69.515,61.632,58.096,58.238,63.765,74.280,64.763
522,68.680,70.735,63.612,70.428,61.118,58.555,58.952,63.773,74.024,64.610
523,68.028,70.453,62.761,69.901,60.836,58.256,58.712,64.221,74.767,65.016
524,68.559,71.107,63.265,70.249,61.360,58.744,59.084,64.243,74.142,65.490
525,68.124,70.580,62.896,69.642,61.307,58.726,58.839,64.008,73.945,65.008
526,68.664,71.163,62.867,70.494,61.446,58.737,58.417,64.418,74.717,65.092
527,68.634,70.903,63.573,69.918,61.562,58.402,58.667,63.973,74.231,65.008
528,68.051,70.470,62.280,69.922,61.549,58.904,58.806,64.161,73.816,64.663
529,67.536,70.715,63.396,69.972,61.456,57.655,59.536,64.011,74.453,64.996
530,68.276,70.683,63.284,69.922,61.972,58.441,58.767,64.175,74.568,65.120
531,68.600,71.320,62.831,70.621,60.851,58.851,59.086,64.699,74.433,65.723
532,68.972,70.981,63.112,70.132,61.194,58.552,58.927,64.101,74.592,64.771
533,68.641,71.321,63.741,70.539,60.584,58.423,59.035,64.740,75.019,64.964
534,68.837,71.329,63.302,70.249,61.630,58.779,58.674,64.926,74.569,64.759
535,69.372,71.103,63.784,70.628,61.854,58.630,58.949,64.538,74.660,65.976
536,68.701,71.114,63.922,70.466,62.086,58.694,58.791,64.426,74.370,65.373
537,68.556,71.069,62.620,70.372,61.975,59.292,59.108,65.011,74.875,65.743
538,68.614,71.207,63.676,70.012,61.864,59.438,58.944,64.484,74.216,65.305
539,68.471,70.853,63.763,71.144,61.693,58.925,59.334,65.743,74.856,65.305
540,69.140,71.141,63.592,70.852,61.766,59.388,59.526,64.505,75.024,66.133
541,68.451,71.127,63.137,70.600,61.730,58.552,59.401,64.107,74.403,65.916
542,69.398,71.190,63.647,70.668,62.461,59.249,59.465,64.249,74.880,65.759
543,68.515,71.185,63.412,69.939,61.889,59.925,59.164,64.156,74.794,65.040
544,68.085,70.506,63.088,69.974,61.136,59.007,58.863,64.210,74.367,64.807
545,67.501,70.846,63.580,69.824,61.917,58.947,59.288,65.046,74.682,65.357
546,69.085,71.082,63.504,71.266,62.894,59.879,58.925,64.995,74.799,65.269
547,70.037,72.643,64.129,71.325,62.899,60.053,59.748,65.202,75.499,67.120
548,71.543,72.779,63.680,72.151,63.023,59.591,60.134,65.344,75.819,66.341
549,71.389,72.663,64.067,72.167,62.554,59.402,60.224,65.484,75.903,66.474
550,73.821,73.121,63.920,71.904,62.637,59.441,59.618,66.014,75.637,66.309
551,73.625,73.936,63.841,72.426,63.418,59.722,60.641,66.238,75.097,65.526
552,71.924,74.168,64.996,72.172,63.824,60.071,60.445,65.959,74.848,65.462
553,73.172,73.586,64.122,71.602,62.869,60.491,59.674,65.399,75.004,66.068
554,72.120,72.549,63.445,71.501,63.108,59.769,59.738,64.598,74.135,66.627
555,72.566,72.296,63.829,71.259,62.741,60.174,59.608,64.437,74.332,66.124
556,72.545,72.585,63.288,71.264,62.065,59.288,59.399,64.997,74.423,66.454
557,72.041,71.920,63.047,71.216,62.214,59.548,60.588,64.604,74.749,65.783
558,72.464,72.516,63.461,71.181,62.322,58.128,59.485,64.344,74.417,65.297
559,71.710,72.498,62.982,70.755,61.957,59.199,60.156,64.306,74.285,65.096
560,72.377,72.404,63.290,71.224,62.166,58.694,59.748,64.749,73.850,65.225
561,72.536,71.882,63.086,71.889,62.096,58.747,59.174,64.158,74.025,65.261
562,71.874,72.889,62.902,70.826,61.736,58.655,58.965,64.464,74.071,65.835
563,72.492,72.121,62.561,71.979,62.363,58.541,59.151,64.601,73.919,65.317
564,73.280,71.732,62.194,71.908,61.786,58.722,59.411,64.880,73.840,65.996
565,71.453,72.207,63.045,71.529,62.106,59.085,59.205,64.803,74.084,65.598
566,72.280,72.024,62.371,71.624,61.914,58.598,59.225,64.557,74.144,65.751
567,72.306,71.745,63.282,70.786,61.688,59.046,59.368,65.139,74.061,64.522
568,72.598,72.500,63.357,71.692,61.640,59.214,59.306,64.478,73.968,65.707
569,72.421,72.712,63.416,71.301,61.889,58.317,59.536,65.156,74.543,65.598
570,72.025,71.746,62.484,71.365,61.582,59.100,59.642,64.612,73.693,65.751
571,72.092,71.933,62.859,70.871,61.569,58.968,59.591,64.339,74.071,65.550
572,72.023,71.929,62.278,71.913,62.519,59.210,59.316,64.727,74.067,65.486
573,72.864,72.129,62.539,72.268,61.605,58.345,59.831,64.781,73.966,65.024
574,73.071,72.486,62.702,72.111,61.668,58.886,59.366,64.814,74.189,65.161
575,72.779,71.691,62.643,71.788,61.285,58.986,59.177,64.287,73.559,65.538
576,72.743,71.524,63.404,70.974,61.861,58.573,59.285,64.924,73.792,64.912
577,72.989,72.541,62.655,71.085,61.892,58.722,59.177,64.981,73.787,65.526
578,72.163,72.193,62.633,70.659,61.564,58.726,59.767,64.014,74.237,65.321
579,73.170,71.425,62.643,71.139,60.670,59.274,59.364,64.317,73.622,65.667
580,72.572,72.172,62.798,71.480,61.247,58.783,58.904,64.126,73.896,65.904
581,72.593,71.790,62.798,70.548,62.096,59.014,59.719,64.361,73.586,65.153
582,72.713,72.096,62.659,70.026,61.771,58.377,59.280,64.369,73.787,64.920
583,73.425,71.766,62.076,70.739,61.320,58.644,59.318,64.172,73.404,65.454
584,72.492,71.892,62.943,72.221,61.773,58.658,59.005,64.279,73.693,65.759
585,72.756,72.113,62.349,72.336,61.937,58.715,59.166,64.527,74.056,65.888
586,72.028,72.296,62.694,71.092,61.474,58.751,59.412,64.743,73.537,65.679
587,73.648,71.972,62.835,71.428,61.489,59.071,58.922,64.587,73.497,64.434
588,72.903,72.326,62.061,70.802,61.635,58.936,59.333,64.301,73.548,65.233
589,72.393,71.904,62.969,70.536,61.164,58.819,58.944,64.377,73.755,65.044
590,72.805,72.017,62.271,70.593,62.295,58.747,59.498,65.011,74.332,64.707
591,72.890,71.727,62.573,70.598,61.113,58.537,59.376,64.221,73.861,65.510
592,72.283,71.475,62.447,71.231,61.118,58.790,59.263,64.022,73.463,66.080
593,73.016,71.810,62.702,71.085,61.484,59.057,59.467,65.232,74.054,65.807
594,73.064,71.762,62.735,71.014,61.398,59.053,60.033,64.708,74.051,64.518
595,71.041,70.696,61.794,69.555,60.872,57.979,58.682,64.216,72.845,63.655
596,70.699,71.409,62.047,70.864,61.249,58.107,58.606,64.126,74.247,65.289
597,66.444,69.455,62.486,68.904,60.489,57.580,58.434,62.656,73.920,63.743
598,65.726,68.387,62.351,68.647,59.932,57.306,57.914,62.948,73.295,63.422
599,66.901,69.091,61.710,68.962,60.348,57.224,58.278,63.325,73.242,64.550
600,67.051,69.976,62.318,70.511,60.111,57.544,58.164,64.292,73.951,65.004
601,68.531,70.064,63.424,71.762,60.668,58.420,58.329,63.855,74.260,65.161
602,68.303,70.708,62.992,71.539,61.164,58.431,58.717,63.612,73.933,65.835
603,69.611,70.478,62.484,72.242,61.068,58.100,58.834,64.153,73.986,66.321
604,70.634,71.268,63.100,73.092,61.338,58.210,59.339,64.806,73.971,65.614
605,70.503,71.348,62.735,74.800,61.416,58.438,58.882,64.167,74.283,65.594
606,71.497,71.616,62.984,73.871,61.091,58.431,58.937,64.505,74.201,66.349
607,64.991,66.326,59.482,67.134,57.864,56.687,57.190,61.694,66.881,58.614
608,68.032,69.393,61.743,71.678,60.149,57.317,57.992,63.869,71.869,63.137
609,71.193,70.147,61.551,72.007,59.879,58.011,58.329,63.885,70.630,62.321
610,72.637,71.676,62.094,75.042,60.403,58.541,58.950,64.568,72.250,65.241
611,72.662,71.498,62.373,75.586,61.811,58.391,59.017,64.224,74.377,66.771
612,71.340,71.665,62.427,74.904,61.547,58.893,59.189,64.426,74.100,66.699
613,71.057,72.009,62.829,74.581,62.272,58.922,58.795,63.699,74.519,66.120
614,70.464,71.553,62.929,73.282,60.756,58.594,59.273,64.066,73.667,66.100
615,71.044,71.875,62.784,72.904,62.272,58.456,58.836,64.079,74.027,65.936
616,71.478,71.861,62.757,73.285,61.630,58.648,59.245,64.628,74.075,66.221
617,71.287,71.122,63.292,75.304,61.108,58.459,58.684,64.366,74.253,67.137
618,71.807,72.091,62.759,75.468,61.652,58.651,59.305,64.967,74.588,66.859
619,72.260,71.694,62.455,74.506,61.700,58.032,59.265,63.923,74.468,66.253
620,73.032,71.533,62.563,73.576,60.897,58.224,58.715,64.568,73.958,65.787
621,74.451,73.265,64.202,80.426,62.554,59.623,59.510,65.131,74.551,68.618
622,94.478,82.058,73.027,89.652,66.685,62.235,59.790,72.978,74.517,68.759
623,103.147,89.168,74.186,92.995,69.756,64.043,60.166,76.464,75.512,70.120
624,102.720,102.365,72.869,97.976,73.055,66.146,61.508,73.216,76.911,71.470
625,97.016,107.017,72.890,109.953,71.416,65.235,62.220,68.380,77.633,73.249
626,94.411,123.462,75.039,122.920,70.778,66.947,63.947,66.735,79.280,76.426
627,94.000,135.552,75.482,131.753,73.542,67.769,64.738,65.874,81.898,78.683
628,89.947,134.892,75.006,132.748,72.458,66.352,64.242,65.522,82.129,80.285
629,86.156,128.956,73.512,132.035,73.831,67.584,63.457,65.404,81.446,77.767
630,85.743,130.715,72.245,132.809,75.421,67.559,63.712,66.355,81.432,78.867
631,85.577,136.556,72.437,133.407,76.353,66.751,63.182,65.478,81.963,77.438
632,83.122,136.643,71.318,132.567,75.325,66.587,62.566,65.634,80.293,77.482
633,81.264,133.393,71.631,129.819,76.116,66.904,62.591,65.033,79.449,77.068
634,81.917,133.942,71.435,128.518,77.008,66.897,62.738,65.730,79.693,77.687
635,82.584,137.787,74.055,130.866,78.108,67.306,62.786,65.049,78.911,78.349
636,80.763,134.522,72.437,129.191,77.610,65.733,61.937,65.096,79.519,77.940
637,79.393,130.127,69.545,127.040,76.093,65.979,61.576,65.049,78.443,76.996
638,78.480,122.359,68.104,127.464,72.826,65.263,60.728,65.331,77.981,77.052
639,77.271,117.843,67.324,130.873,71.816,64.740,60.909,64.213,77.531,78.169
640,76.182,125.748,68.029,140.386,72.955,66.907,61.945,64.787,77.287,80.639
641,81.386,139.677,70.524,142.002,73.501,67.327,63.730,65.388,78.953,80.936
642,83.416,146.476,72.943,138.054,74.947,67.495,64.854,65.227,80.258,80.422
643,80.595,148.792,71.259,139.367,74.126,67.299,63.942,65.131,79.815,79.590
644,79.191,145.585,71.414,141.125,74.055,66.972,63.320,65.161,79.504,81.819
645,80.625,148.624,72.816,144.812,73.698,68.071,64.793,65.574,79.463,82.562
646,80.062,146.643,71.886,144.040,73.786,66.815,64.217,65.850,79.968,83.341
647,78.145,148.386,71.349,143.951,73.670,67.523,64.157,65.101,80.708,83.707
648,76.310,145.429,71.096,141.991,72.725,67.480,64.035,64.719,80.890,81.843
649,75.290,145.680,70.718,137.219,73.176,67.018,63.732,64.642,81.593,80.578
650,76.021,143.691,69.612,139.073,72.849,66.374,63.349,64.863,80.395,80.414
651,78.221,145.871,70.522,142.642,71.947,65.790,63.480,65.090,80.598,81.241
652,80.131,147.011,71.398,142.132,72.033,66.121,63.684,64.645,80.549,80.546
653,83.582,147.086,69.794,136.861,73.579,67.174,63.305,65.022,79.523,79.892
654,82.205,142.136,68.235,132.868,72.914,67.580,62.197,64.604,78.388,76.916
655,79.476,140.298,66.990,127.680,72.703,66.865,61.790,64.765,77.561,75.803
656,83.156,138.757,65.692,124.718,73.509,67.285,61.416,65.000,76.461,74.454
657,86.784,135.042,66.784,121.821,71.385,68.591,60.682,64.779,76.090,74.169
658,85.800,129.563,65.041,118.633,68.957,66.609,60.697,64.708,75.547,73.823
659,86.701,125.509,65.296,115.452,67.554,66.459,60.652,63.923,75.451,73.313
660,88.618,129.331,65.380,118.586,67.471,66.964,61.434,64.954,75.079,73.566
661,86.492,131.933,64.757,116.287,68.360,67.911,60.891,64.626,74.956,72.912
662,83.887,128.876,64.104,114.388,68.756,67.758,61.255,64.716,75.463,72.904
663,80.683,124.361,64.159,111.751,67.695,67.043,60.424,64.519,74.871,72.534
664,78.246,122.545,63.576,109.009,67.317,67.972,59.543,64.153,74.991,71.847
665,77.906,117.873,62.916,107.442,67.418,66.594,59.667,64.227,73.890,71.755
666,76.492,114.053,63.394,104.527,65.798,66.320,59.757,64.904,74.408,70.522
667,75.377,110.368,62.973,103.144,64.907,64.673,59.184,64.803,73.675,70.064
668,75.561,105.199,62.504,100.972,63.539,63.626,59.025,64.604,74.077,70.884
669,74.972,103.738,62.484,99.433,64.126,65.039,58.786,64.090,73.773,70.229
670,74.395,105.227,62.565,98.492,62.690,65.093,58.740,64.076,74.134,68.859
671,73.915,104.909,62.794,96.572,62.292,66.441,58.879,64.426,73.858,68.518
672,73.890,102.945,62.247,95.000,61.793,66.883,58.373,64.079,73.884,68.566
673,76.437,100.176,62.249,94.136,62.579,65.480,58.462,64.172,74.277,68.614
674,76.338,97.578,62.522,92.965,62.617,64.972,59.268,64.940,73.767,68.470
675,75.834,95.886,62.633,90.405,62.025,64.157,58.581,64.801,74.035,67.494
676,75.108,94.547,62.261,90.569,62.174,63.288,58.374,64.440,73.792,67.257
677,74.016,93.876,62.065,89.391,62.330,62.961,58.520,64.809,73.634,67.631
678,74.402,91.165,62.045,87.682,61.972,62.423,58.555,63.784,73.607,67.727
679,74.690,91.251,61.355,85.522,62.060,60.409,58.724,64.306,73.767,67.486
680,73.616,88.534,61.967,84.969,61.469,59.484,58.187,64.361,73.904,66.538
681,73.464,86.716,62.337,84.113,61.652,59.733,58.056,63.142,73.825,67.189
682,74.018,86.812,62.143,83.136,61.919,59.676,58.329,64.298,72.680,66.622
683,73.724,84.713,61.663,81.704,61.645,59.306,57.902,64.082,72.610,66.281
684,73.816,82.903,61.943,81.696,61.355,59.004,58.462,63.577,73.563,65.514
685,73.561,82.586,62.124,79.854,60.751,58.868,57.758,63.940,73.047,65.976
686,72.784,79.618,62.161,80.480,61.685,57.705,58.152,64.292,73.243,67.325
687,72.625,78.508,61.369,79.880,61.340,58.594,58.250,64.189,73.900,66.771
688,72.572,77.966,62.235,78.981,61.484,58.327,58.089,64.590,73.730,66.390
689,72.630,77.387,62.257,79.254,61.736,57.826,58.202,64.063,73.738,66.655
690,72.556,75.992,61.908,77.456,61.469,58.512,57.722,64.120,74.097,65.839
691,72.697,76.038,62.406,76.856,61.786,57.861,58.083,64.571,73.717,66.012
692,72.301,74.967,62.163,75.824,61.121,58.409,58.210,64.801,73.979,66.076
693,72.834,75.251,62.008,76.334,61.728,57.961,58.204,64.156,74.152,66.739
694,72.515,74.649,61.780,74.993,61.695,58.302,58.368,63.806,73.660,66.305
695,72.763,73.981,62.143,74.911,61.244,58.078,57.755,64.085,74.361,66.277
696,71.929,74.674,61.516,73.612,61.073,58.167,58.326,64.489,73.960,66.578
697,72.717,73.611,62.020,73.906,61.010,58.335,58.280,64.000,73.181,65.876
698,72.864,73.089,61.576,73.666,61.186,58.562,57.851,64.156,73.596,66.333
699,72.175,73.525,61.416,73.005,60.814,58.374,57.864,64.601,74.039,66.622
700,73.055,73.155,61.588,73.047,61.264,57.534,58.131,63.732,74.192,65.309
701,74.211,72.608,61.563,72.386,60.768,58.619,58.276,64.079,73.777,65.731
702,74.071,72.636,61.212,71.986,61.068,57.957,58.293,64.355,73.498,66.225
703,74.124,73.223,61.822,72.075,61.179,57.879,58.063,63.831,73.693,65.787
704,72.377,72.009,61.449,71.515,60.670,57.950,58.288,63.074,73.793,65.341
705,72.490,71.823,61.208,71.826,61.227,58.128,57.873,64.544,73.277,65.016
706,72.471,71.980,61.669,71.976,61.151,57.701,57.801,64.648,72.918,66.410
707,73.653,72.353,61.365,71.106,61.562,57.772,57.651,64.071,73.059,65.430
708,73.324,72.130,61.357,70.847,61.363,57.883,57.959,64.735,73.385,65.956
709,73.237,72.067,61.594,70.687,60.768,58.036,57.687,64.656,73.156,65.285
710,73.101,71.854,61.671,71.299,61.327,57.762,58.232,63.915,73.122,66.526
711,72.589,71.516,61.867,70.739,60.887,58.185,57.568,64.544,73.007,65.514
712,73.405,71.912,61.114,70.675,60.582,58.043,57.874,64.287,72.818,65.454
713,73.566,71.607,61.580,70.638,61.003,57.925,57.728,64.437,73.080,65.430
714,73.628,71.953,61.312,69.967,61.584,58.046,58.202,64.202,73.190,64.827
715,72.398,71.448,61.865,70.673,61.005,58.779,58.007,64.320,72.256,64.618
716,77.464,70.959,61.767,69.894,60.108,57.840,57.921,63.710,72.323,64.719
717,81.246,71.207,60.939,70.687,61.491,57.619,58.106,64.424,72.367,64.594
718,80.832,70.881,60.908,70.376,60.766,58.025,58.099,64.317,73.074,65.024
719,81.922,71.337,60.961,70.031,60.932,57.996,58.351,64.617,73.090,65.165
720,79.972,71.458,61.261,70.115,60.599,57.619,57.866,63.995,72.879,65.317
721,78.768,71.254,61.480,70.715,61.678,58.701,58.500,64.806,73.263,65.446
722,75.892,71.182,61.041,70.666,61.098,58.114,57.563,64.555,72.996,65.980
723,77.347,71.895,61.598,69.793,60.589,57.591,57.579,64.331,72.658,64.582
724,78.080,71.516,61.310,70.341,60.413,57.584,58.212,64.183,73.345,65.843
725,76.699,71.395,61.488,70.280,60.935,58.068,58.159,64.576,73.015,65.092
726,76.991,70.934,61.778,69.849,60.630,57.786,57.623,64.631,73.985,65.044
727,78.671,71.647,61.635,70.249,60.937,58.043,58.002,64.104,73.809,64.530
728,76.090,71.679,61.933,69.706,61.524,57.491,57.873,63.724,73.341,65.185
729,76.110,71.171,61.424,70.546,60.332,58.060,58.152,63.579,73.722,65.663
730,74.708,71.357,61.522,69.814,61.103,58.157,58.108,63.828,73.563,66.068
731,74.216,71.484,61.518,69.694,61.466,57.260,57.763,64.790,73.614,65.145
732,73.345,71.143,61.506,69.449,61.234,57.427,58.075,64.087,73.391,66.032
733,73.954,70.831,61.620,69.791,60.363,58.295,58.108,64.227,73.171,65.610
734,73.823,70.934,60.988,70.071,60.577,58.267,58.296,64.254,72.834,65.426
735,73.598,70.871,61.104,69.746,61.043,57.726,57.856,63.721,72.971,64.586
736,74.432,70.633,61.020,69.026,60.567,56.979,58.086,64.612,72.614,63.972
737,74.260,70.531,60.794,68.412,60.232,58.046,57.616,64.519,71.958,63.651
738,73.961,70.547,60.280,67.819,59.446,57.445,58.012,63.620,71.578,62.707
739,73.651,69.774,60.353,67.468,59.796,57.527,57.661,64.246,71.074,62.064
740,72.828,69.152,60.935,66.840,59.723,57.505,57.377,63.907,70.251,61.590
741,73.223,69.390,60.618,67.659,59.270,57.028,57.793,63.997,70.949,62.418
742,72.490,69.124,60.196,66.407,59.038,57.705,57.430,63.219,69.846,61.510
743,72.269,69.917,60.851,67.386,59.028,57.569,57.214,63.391,70.358,61.462
744,73.025,70.166,60.924,67.979,59.632,56.754,57.724,64.055,71.236,62.008
745,73.113,69.892,60.557,66.944,59.866,57.320,57.478,63.855,70.794,62.462
746,72.648,69.575,60.414,67.725,59.154,57.235,57.354,63.216,71.020,61.916
747,72.662,70.039,60.418,67.351,59.315,57.993,57.416,63.926,71.160,62.582
748,73.011,69.824,60.863,67.461,59.292,57.253,57.594,64.090,70.900,62.020
749,72.444,69.799,60.333,67.492,59.693,56.310,57.091,63.811,71.157,61.586
750,73.260,70.097,60.045,67.487,60.219,57.349,57.831,63.757,71.340,62.622
751,73.241,69.741,60.555,67.612,59.637,57.295,57.584,63.798,70.876,62.229
752,72.448,69.624,60.363,68.160,59.932,57.829,58.012,64.016,71.444,62.667
753,71.952,69.743,60.782,67.833,59.997,56.954,57.480,64.358,71.159,62.092
754,72.802,69.545,60.376,67.904,59.615,57.409,57.530,63.648,70.511,63.486
755,73.336,69.840,60.210,67.080,59.713,57.484,57.502,63.596,70.816,62.337
756,72.313,69.517,60.310,67.278,59.637,57.039,57.358,63.350,70.745,62.510
757,72.326,69.944,60.655,67.861,59.395,58.171,57.346,63.932,70.839,61.859
758,73.039,70.005,60.820,67.739,60.015,57.722,57.351,63.926,70.729,61.819
759,72.143,69.459,60.853,68.089,59.587,57.384,57.442,63.883,71.079,62.506
760,72.632,69.415,59.745,67.085,59.327,57.420,57.682,64.005,71.218,62.703
761,72.202,69.652,59.939,67.024,59.249,57.431,57.576,63.224,70.462,62.739
762,72.133,69.296,60.284,66.572,59.071,56.541,57.382,63.997,70.849,63.301
763,72.239,69.044,60.122,66.941,59.443,57.747,57.300,63.363,70.640,61.474
764,72.386,69.752,60.094,67.607,59.151,56.619,57.235,64.757,70.680,62.000
765,72.331,69.685,59.806,67.188,59.660,57.580,57.137,63.615,71.191,61.349
766,72.021,68.973,60.224,67.240,59.844,57.708,57.084,63.317,70.151,61.787
767,71.933,69.553,60.149,67.148,59.242,57.149,57.442,63.486,70.421,61.980
768,72.667,69.491,60.308,67.409,59.322,57.537,57.540,63.658,70.531,61.406
769,71.653,68.901,60.361,66.979,59.778,57.577,57.348,63.850,70.472,61.671
770,72.154,69.618,60.235,66.847,59.469,56.662,57.056,63.254,70.452,62.454
771,72.032,68.928,60.322,67.141,58.960,56.776,57.108,63.896,69.920,61.124
772,72.126,68.904,59.937,67.151,59.360,56.733,56.911,63.344,70.152,61.948
773,71.474,69.060,60.622,66.835,59.572,57.014,57.220,64.336,69.745,61.992
774,71.402,69.083,59.888,66.835,58.849,57.591,57.401,63.235,69.894,60.450
775,71.414,69.190,59.776,66.416,59.123,57.288,56.957,63.309,70.392,61.249
776,72.053,68.959,60.284,66.393,59.171,56.619,56.704,63.473,69.604,60.867
777,71.483,69.044,60.092,66.899,59.451,56.751,56.735,64.082,70.114,60.514
778,71.772,68.951,59.833,66.049,59.239,57.352,57.046,63.508,70.498,61.205
779,71.910,68.856,59.539,67.132,60.141,57.609,57.546,63.686,70.235,61.538
780,71.630,69.077,59.996,66.889,59.557,57.046,57.321,63.907,70.739,61.494
781,72.791,69.318,59.620,66.334,59.385,57.833,57.038,63.098,69.910,61.237
782,72.195,69.345,60.318,66.998,59.156,57.046,56.697,63.328,70.190,61.225
783,73.257,69.111,59.553,66.878,59.380,57.107,57.435,63.634,70.777,62.201
784,72.326,69.125,59.545,66.934,59.688,57.100,57.518,63.221,70.281,61.313
785,72.143,68.497,60.345,65.967,58.700,56.758,56.767,64.298,70.051,61.100
786,71.938,69.096,60.078,66.878,59.632,56.897,57.002,63.279,69.869,61.120
787,71.552,68.961,59.686,67.169,59.375,57.285,57.079,64.016,70.491,61.181
788,72.377,69.597,60.829,66.708,58.831,57.185,57.427,63.492,70.931,62.542
789,71.786,68.970,60.282,66.400,59.423,57.324,56.886,63.803,70.675,61.028
790,71.011,68.994,59.782,65.718,58.718,57.085,56.906,62.628,69.121,60.329
791,71.536,69.340,59.473,66.706,59.247,56.776,57.455,63.814,70.252,60.968
792,71.506,68.600,59.951,65.915,58.597,57.260,57.397,63.486,69.724,60.317
793,71.209,68.386,59.971,65.809,58.549,57.071,57.349,63.792,69.509,60.695
794,71.421,68.660,59.727,65.807,58.217,56.826,57.844,63.486,70.059,61.205
795,71.087,68.039,60.229,65.953,58.738,56.523,57.245,63.530,69.528,60.446
796,71.731,68.613,59.541,66.449,59.214,56.680,56.632,63.612,69.718,60.815
797,72.175,68.812,60.106,66.918,58.899,57.619,57.127,63.678,70.101,61.205
798,71.883,68.925,59.839,66.807,59.204,57.235,57.167,63.648,69.998,60.659
799,70.876,68.693,59.822,66.388,58.426,56.996,56.841,63.287,69.849,60.261
800,71.115,69.064,59.622,65.984,59.023,56.915,56.854,63.142,69.607,61.470
801,71.740,68.812,59.806,65.381,58.798,56.744,56.748,63.101,69.698,60.361
802,70.887,68.574,59.484,65.772,58.929,56.569,56.945,62.836,69.342,59.305
803,70.703,68.470,59.863,65.638,58.720,56.715,57.225,63.328,69.569,60.984
804,70.421,68.133,60.233,66.633,58.091,56.025,57.005,63.238,69.563,60.871
805,70.903,68.567,60.094,65.544,58.438,56.754,56.649,62.549,69.704,60.269
806,70.860,68.596,59.490,65.035,59.217,56.381,57.177,63.284,69.457,59.867
807,71.998,68.777,59.753,66.376,58.622,56.705,57.045,63.303,69.818,60.570
808,71.041,68.497,60.400,65.713,58.882,56.875,56.488,63.041,69.363,60.092
809,70.343,68.263,59.335,65.812,58.690,56.733,57.182,62.790,68.931,59.936
810,69.874,68.632,60.290,65.642,58.773,56.477,56.412,62.801,68.508,59.490
811,69.499,68.437,59.102,65.442,58.574,56.648,56.528,62.918,69.065,58.683
812,69.600,68.361,59.451,64.661,58.531,55.947,56.603,63.658,68.703,59.518
813,69.667,67.697,59.627,65.440,58.778,56.189,56.702,62.806,68.793,59.221
814,70.276,68.196,59.580,65.007,58.574,56.598,57.182,62.997,69.187,59.056
815,69.234,68.304,59.461,65.245,58.650,56.185,56.694,62.948,68.582,59.763
816,69.784,68.284,59.965,65.111,58.622,55.712,56.671,62.863,68.946,60.655
817,69.671,67.942,59.539,64.407,58.413,55.826,56.646,62.669,69.036,59.695
818,70.101,68.130,59.065,65.007,58.088,56.292,56.722,62.940,68.863,60.378
819,70.483,67.818,59.765,65.647,58.398,57.577,56.442,63.060,68.980,60.289
820,70.363,68.152,60.049,65.680,58.159,55.751,56.856,63.060,69.077,59.671
821,69.885,67.676,59.208,65.908,59.499,56.075,57.154,62.940,69.001,59.273
822,69.568,68.373,59.457,65.200,58.675,56.612,57.088,63.049,68.077,58.627
823,70.002,67.937,59.808,65.278,58.705,56.893,56.743,63.514,68.459,59.972
824,69.423,67.735,59.537,65.014,58.020,56.181,56.480,62.328,68.185,59.466
825,69.674,67.768,59.584,64.958,58.136,56.288,57.053,63.156,68.609,58.940
826,70.002,67.629,59.696,65.202,58.101,55.601,56.950,62.904,68.568,59.450
827,69.816,67.771,59.351,64.969,58.662,56.527,56.066,63.036,68.561,59.534
828,70.221,67.839,59.684,64.388,58.526,56.452,56.990,63.557,68.966,59.032
829,69.549,68.197,58.939,65.080,57.950,56.114,56.475,63.011,69.114,59.313
830,71.278,68.705,60.169,65.280,58.647,56.164,57.132,63.352,69.322,60.839
831,71.506,69.114,60.073,66.266,59.222,57.142,57.604,63.249,70.383,62.369
832,72.303,69.448,60.661,66.762,59.567,58.238,57.185,63.697,70.975,62.301
833,71.326,69.129,60.480,67.019,59.816,56.772,56.925,64.000,70.971,62.526
834,72.313,69.194,60.239,67.513,59.965,57.342,57.076,63.005,71.012,63.012
835,71.903,69.564,59.586,67.638,59.768,56.954,57.272,63.626,71.247,61.960
836,72.110,69.696,60.645,66.852,59.348,57.128,57.560,63.842,70.770,62.470
837,71.995,69.475,59.947,67.584,59.418,57.075,57.616,62.708,70.477,62.217
838,72.430,69.729,60.151,67.449,59.287,57.452,57.255,64.249,71.062,62.241
839,72.113,69.688,60.284,67.224,59.768,57.427,57.167,63.126,71.041,63.064
840,72.025,69.266,59.592,67.852,60.181,57.085,57.719,63.768,71.523,62.803
841,71.910,69.381,60.014,67.301,59.338,56.815,56.735,63.197,71.096,62.317
842,72.267,69.204,59.835,67.856,59.713,57.416,57.268,63.839,70.893,63.847
843,72.444,70.041,60.422,67.631,59.632,57.961,57.649,62.787,71.846,63.116
844,72.772,69.426,60.267,68.108,60.214,57.285,57.207,63.128,71.315,62.631
845,72.816,69.906,60.502,68.179,59.584,57.512,57.561,63.568,71.362,63.390
846,72.513,69.994,60.186,67.833,60.610,57.722,56.904,63.648,71.066,63.088
847,71.366,69.799,60.569,67.899,59.406,57.584,57.185,63.268,71.142,62.378
848,72.720,69.638,60.635,67.228,59.884,57.089,57.644,64.003,71.223,63.249
849,72.310,69.677,60.543,67.779,59.433,56.840,57.629,62.948,72.159,63.406
850,72.648,69.329,60.690,68.122,59.947,56.890,57.043,63.631,71.998,64.016
851,71.841,70.024,60.096,68.111,59.909,57.185,57.613,63.661,71.709,63.482
852,71.991,70.356,59.890,67.598,59.574,57.420,57.576,63.454,71.693,63.614
853,72.248,69.511,60.422,68.544,59.899,56.879,57.366,63.202,72.009,63.570
854,72.168,69.470,60.151,67.661,59.849,57.502,57.252,63.918,71.901,63.458
855,72.055,69.857,60.320,68.908,59.552,57.847,56.960,64.156,71.387,63.430
856,72.216,70.113,60.565,68.358,60.035,57.566,57.692,64.301,71.715,63.329
857,72.662,70.103,60.347,68.391,59.673,57.708,57.437,63.383,71.860,63.277
858,72.437,70.013,60.659,68.833,59.703,58.246,57.522,63.803,71.853,63.104
859,72.016,70.075,60.363,67.751,59.496,56.694,57.116,64.052,71.806,64.759
860,72.430,69.928,60.437,68.285,59.864,58.125,57.026,63.527,71.905,63.598
861,71.878,69.846,60.782,68.080,59.882,57.605,57.772,63.579,71.974,63.245
862,72.517,70.108,59.663,68.398,59.534,57.302,57.356,63.948,71.985,63.779
863,72.209,69.724,60.390,68.788,60.312,57.327,56.568,63.137,71.577,64.173
864,71.577,69.694,60.906,68.673,59.720,57.534,57.401,63.842,72.125,64.554
865,72.434,69.660,60.396,68.722,59.907,57.609,57.823,64.076,71.062,63.386
866,71.947,70.516,60.553,67.572,59.254,57.555,57.301,63.612,72.256,63.478
867,72.278,70.205,60.137,68.144,60.025,57.929,57.649,63.511,71.795,64.470
868,71.924,69.679,60.402,68.424,60.003,57.609,57.583,63.653,72.288,63.976
869,71.600,69.840,60.908,68.772,59.612,57.395,57.238,63.612,72.542,63.647
870,71.676,70.216,60.488,68.492,60.388,57.701,57.078,63.246,72.228,64.582
871,71.697,70.271,60.459,68.776,59.947,57.238,57.689,63.852,71.888,64.972
872,71.407,70.152,60.214,68.925,60.479,57.505,57.747,64.240,72.092,63.735
873,71.887,70.284,60.553,68.315,60.345,57.918,57.129,63.863,72.265,63.458
874,71.954,70.077,60.547,68.216,60.179,56.804,57.116,63.557,72.121,63.944
875,72.034,70.042,60.496,68.908,59.715,57.744,57.318,63.443,72.089,64.647
876,71.538,70.729,60.071,68.576,59.768,57.036,57.538,63.617,72.712,64.715
877,71.366,69.904,60.053,69.355,60.139,57.242,57.498,64.137,72.896,64.000
878,71.784,70.024,60.508,68.915,59.877,56.562,57.089,63.598,72.593,64.739
879,71.743,69.796,60.814,68.638,59.773,57.544,57.182,63.451,72.217,64.129
880,71.717,70.624,60.859,67.927,60.650,56.904,57.346,63.689,72.238,64.390
881,71.593,70.149,60.033,68.113,60.015,57.335,57.161,63.773,72.820,64.357
882,71.446,70.017,60.782,68.379,60.141,56.961,57.478,64.402,71.885,64.518
883,71.308,69.470,60.796,67.598,60.524,57.335,57.550,63.598,72.523,63.703
884,71.938,70.218,60.388,69.158,59.549,57.829,57.392,64.090,72.934,63.791
885,72.345,70.091,60.590,68.024,59.814,57.452,57.503,64.306,71.986,63.791
886,71.745,69.260,60.765,68.254,60.388,57.028,57.089,63.533,72.602,64.510
887,72.099,69.580,60.486,68.186,60.297,57.068,57.728,63.208,71.660,64.020
888,72.129,69.953,60.394,68.136,60.501,57.676,57.260,63.620,72.052,63.373
889,71.752,69.964,60.529,68.207,60.632,58.110,57.427,63.568,71.608,64.004
890,71.956,69.729,60.376,68.598,59.935,57.594,57.707,64.451,72.583,64.353
891,71.860,69.473,60.702,67.711,60.071,57.221,57.828,63.541,71.769,63.851
892,72.014,70.135,61.073,67.986,59.776,57.181,57.310,63.861,72.864,64.594
893,71.940,70.317,60.402,68.871,60.428,57.121,57.530,63.577,72.483,64.815
894,71.421,70.086,60.482,68.711,59.942,56.655,57.412,63.656,72.414,64.221
895,71.409,70.382,60.288,69.184,59.831,57.367,57.459,63.828,72.039,64.602
896,72.152,69.881,60.551,69.315,59.758,57.865,57.700,63.462,72.326,64.084
897,71.352,69.876,60.435,69.402,59.864,58.011,57.159,63.503,72.170,65.418
898,71.703,69.906,60.429,68.631,60.453,57.683,57.316,63.934,72.333,63.888
899,71.069,70.127,60.296,68.346,60.234,56.833,57.058,63.303,72.688,64.145
900,72.432,70.138,60.367,68.584,59.912,57.466,57.753,63.544,72.426,64.578
901,71.687,70.672,60.569,69.296,60.244,57.847,57.248,62.989,72.779,65.084
902,70.777,69.254,60.576,69.129,60.186,56.744,57.348,63.153,72.262,64.791
903,70.598,70.273,60.480,69.468,60.302,57.292,57.242,63.057,72.809,64.876
904,71.234,70.165,60.553,68.306,60.317,57.135,57.369,63.224,72.896,65.108
905,70.897,69.735,60.569,69.911,60.416,57.370,57.348,63.626,72.861,64.301
906,70.699,70.166,60.478,68.616,60.257,56.680,57.346,63.587,72.643,65.129
907,70.966,69.364,60.504,68.974,60.126,56.819,56.825,63.650,72.492,64.827
908,70.166,70.597,61.214,69.002,60.547,57.050,57.205,63.727,72.910,64.281
909,70.584,69.389,60.447,68.948,59.952,57.071,57.296,63.732,72.327,64.173
910,70.276,70.139,60.953,68.282,60.146,57.708,56.858,63.577,72.473,64.831
911,70.986,70.310,60.678,69.282,60.270,58.053,57.079,63.249,73.439,64.586
912,69.972,69.255,60.288,68.887,60.738,57.164,57.060,63.724,72.584,64.466
913,69.759,69.799,60.616,68.504,60.186,57.331,56.786,63.418,72.376,64.739
914,70.129,69.434,61.433,68.901,60.652,57.053,57.275,63.620,72.814,65.157
915,70.667,69.285,60.700,68.416,59.945,57.441,57.101,63.495,72.769,64.474
916,70.172,70.072,61.196,69.320,60.249,56.907,57.202,63.661,73.151,64.667
917,70.030,69.309,60.816,69.012,60.700,56.836,57.247,64.104,72.633,64.916
918,70.097,69.293,61.020,69.111,60.096,57.128,57.291,63.669,73.044,64.815
919,70.529,69.967,60.735,69.059,60.098,57.324,56.952,64.145,73.019,63.675
920,70.285,69.577,61.131,70.106,60.776,56.381,56.671,62.850,72.573,64.984
921,69.317,69.901,61.071,69.819,60.282,56.719,56.924,63.899,72.904,64.663
922,70.044,69.770,61.347,69.228,59.406,56.744,57.316,63.074,72.846,65.811
923,69.290,69.647,61.216,70.005,60.330,57.431,57.459,63.331,72.659,65.036
924,69.869,70.187,60.647,69.478,60.474,57.050,56.798,63.265,72.492,64.241
925,69.710,69.785,60.171,69.049,60.280,57.612,57.275,63.481,72.921,64.759
926,69.407,70.072,60.376,68.939,60.637,57.388,57.091,63.456,72.948,64.293
927,69.437,69.589,60.553,68.414,59.798,56.868,57.386,62.566,72.785,65.631
928,68.857,69.788,61.147,68.640,60.113,57.085,57.268,63.022,72.388,65.129
929,68.979,69.102,60.788,68.628,59.539,57.085,57.081,63.773,72.258,64.169
930,68.634,69.152,60.918,68.642,59.887,56.900,57.012,62.555,72.925,64.751
931,68.628,69.567,60.380,68.708,60.207,56.797,57.089,63.082,73.045,64.683
932,69.331,69.790,60.710,68.104,59.816,57.363,57.447,63.328,73.061,64.157
933,69.108,69.545,60.651,68.645,59.579,56.665,56.636,62.415,72.831,64.851
934,68.869,70.199,60.514,68.856,60.380,57.214,57.171,62.913,71.930,64.317
935,69.416,69.342,60.745,69.438,59.632,57.285,57.270,63.475,72.679,65.434
936,69.320,69.237,60.988,70.264,60.227,56.847,57.280,62.721,72.673,64.554
937,69.398,69.690,60.900,69.696,59.652,57.847,57.088,63.959,72.305,64.711
938,70.062,69.594,60.953,69.508,59.594,57.004,57.204,63.552,73.094,64.751
939,69.361,69.288,60.543,69.304,59.610,56.776,56.669,63.451,72.742,64.124
940,69.552,69.378,60.608,70.165,60.390,57.157,57.411,62.585,72.638,65.225
941,69.513,69.583,61.329,70.913,60.164,57.253,57.151,63.656,72.548,64.161
942,69.648,70.083,60.661,70.508,60.385,57.206,57.790,63.380,72.573,65.008
943,69.455,69.619,60.576,69.885,60.159,57.349,57.161,63.107,72.850,64.976
944,70.455,69.768,61.296,69.351,60.416,56.747,57.084,62.874,73.293,65.133
945,69.634,69.436,61.386,69.014,60.544,56.687,57.384,63.352,72.602,64.269
946,69.099,69.259,60.457,69.252,60.967,57.409,57.310,62.820,72.527,64.269
947,69.554,70.036,60.408,69.348,60.214,57.214,56.987,63.331,73.246,64.871
948,69.766,69.464,60.582,69.031,60.280,56.722,57.094,63.549,72.628,64.799
949,68.864,69.082,60.508,68.852,59.859,57.025,56.988,63.298,72.718,64.574
950,68.954,70.088,61.065,68.586,60.038,56.929,57.515,63.199,72.629,64.655
951,69.726,69.176,60.788,69.002,59.703,56.730,57.167,63.790,73.026,64.365
952,69.322,69.812,60.555,68.586,60.262,57.036,57.346,63.251,72.428,64.398
953,68.382,69.187,60.916,69.125,60.592,57.317,57.462,63.169,72.589,65.120
954,69.867,69.771,61.310,69.059,60.272,56.843,57.336,63.658,73.187,65.084
955,69.947,69.660,60.737,70.002,59.899,57.039,57.118,63.519,73.154,65.635
956,69.600,69.770,60.620,69.558,60.401,57.071,56.608,63.661,72.704,63.992
957,69.434,69.795,60.765,68.769,60.605,56.826,57.338,63.082,72.645,65.157
958,69.455,70.052,60.588,68.812,60.773,56.776,56.843,63.582,72.760,65.269
959,69.324,69.826,60.788,69.355,60.063,56.879,57.290,63.902,72.991,65.341
960,69.083,69.547,60.455,68.748,59.894,57.477,56.720,64.279,72.589,65.430
961,69.113,69.270,60.569,69.115,60.023,56.975,57.036,63.128,72.819,64.273
962,69.853,69.777,60.306,68.781,59.866,57.395,56.955,63.680,72.670,64.157
963,69.522,69.234,61.010,68.588,60.101,56.797,57.119,62.899,72.338,64.084
964,70.007,69.530,60.347,68.558,60.562,57.114,57.147,63.199,73.026,64.815
965,70.186,70.273,60.661,68.704,59.846,57.441,57.296,62.975,72.442,64.526
966,69.793,68.900,60.643,68.798,59.856,57.473,57.142,63.820,73.654,65.020
967,70.299,69.792,60.316,69.111,60.368,57.231,56.899,63.855,72.770,64.610
968,70.062,69.486,60.684,69.438,60.524,57.391,57.079,63.328,72.248,64.647
969,69.703,70.027,60.255,68.984,60.247,57.502,56.939,62.863,72.729,64.229
970,70.225,69.237,61.212,69.732,60.028,56.633,57.311,64.096,72.567,64.410
971,69.398,69.102,59.967,68.821,60.159,57.530,57.685,63.402,72.126,64.249
972,69.326,69.431,60.645,68.831,59.708,56.708,56.911,63.295,73.097,64.715
973,69.418,69.636,60.818,69.475,59.620,57.274,57.325,62.872,73.231,64.912
974,68.798,69.422,60.327,68.367,60.421,57.021,57.123,63.497,72.634,64.301
975,68.577,69.312,60.604,69.176,60.307,57.431,56.942,63.369,72.441,64.028
976,68.786,69.472,60.588,68.565,60.496,57.274,56.949,63.109,72.831,64.747
977,69.370,69.864,60.882,68.920,59.917,57.769,57.083,64.309,72.788,64.831
978,68.807,69.901,61.055,69.078,60.244,57.306,57.200,63.303,72.774,64.470
979,69.715,69.945,60.851,68.527,59.977,56.940,57.237,63.699,72.835,64.627
980,68.715,69.807,60.796,68.299,60.081,56.609,57.500,63.590,72.619,64.486
981,69.147,69.476,60.463,68.626,59.514,56.922,56.929,63.713,72.819,65.590
982,69.706,68.959,61.071,68.793,60.290,57.317,56.767,64.005,72.423,64.169
983,68.982,69.121,60.796,68.798,60.675,57.267,57.483,63.041,72.759,64.434
984,68.520,69.486,60.818,68.755,59.924,57.007,57.041,62.940,72.205,64.984
985,68.830,69.099,60.531,69.214,59.804,56.544,57.123,63.172,72.727,63.667
986,69.595,69.727,60.888,68.861,59.398,56.797,56.987,63.648,72.620,64.679
987,70.060,69.875,60.786,69.901,60.219,57.189,57.008,63.923,72.762,65.012
988,69.747,69.788,61.043,68.445,60.030,57.235,57.174,63.227,72.980,65.253
989,70.469,70.328,60.755,69.169,60.098,57.214,57.139,63.754,72.890,64.783
990,70.444,69.994,60.708,69.308,60.083,57.523,57.182,62.967,73.356,65.574
991,70.802,70.295,61.069,68.445,59.947,57.324,57.775,64.016,72.649,64.683
992,71.094,70.075,61.031,69.273,60.141,57.452,57.598,63.866,72.707,65.108
993,71.133,70.092,60.655,69.174,60.360,57.381,57.712,63.803,72.692,64.703
994,69.933,70.146,60.429,68.765,60.433,57.601,57.291,63.828,72.635,64.474
995,70.984,69.622,60.514,68.682,59.829,58.100,57.058,63.984,72.745,63.546
996,70.959,70.071,61.122,69.024,60.134,56.911,57.250,63.716,73.025,64.988
997,71.090,69.553,60.435,69.339,60.108,57.975,57.149,63.678,72.549,64.482
998,70.315,69.875,61.194,69.061,60.466,57.491,57.389,63.090,72.563,64.221
999,69.869,69.636,60.490,70.111,59.650,57.463,57.305,63.270,72.823,65.197
1000,70.660,70.246,60.994,69.802,60.474,57.139,57.536,62.918,72.884,65.378
1001,69.386,69.964,60.739,70.219,60.458,57.103,57.427,63.705,72.431,64.036
1002,69.903,70.340,61.088,70.120,59.909,56.879,56.990,63.331,73.041,65.016
1003,70.851,70.036,60.937,70.292,60.332,57.584,57.877,63.434,72.091,65.305
1004,70.290,69.917,60.910,70.351,59.879,56.801,56.820,64.038,72.589,65.012
1005,70.313,70.193,60.484,69.852,59.748,56.683,56.791,63.620,72.991,64.265
1006,69.554,70.213,60.602,70.005,60.232,55.851,57.190,63.180,73.046,64.819
1007,69.492,69.611,61.098,69.927,59.471,57.676,56.927,63.710,72.976,63.932
1008,69.653,70.177,60.933,71.454,60.161,56.754,57.227,63.158,73.501,65.751
1009,70.464,69.531,61.041,70.918,60.234,57.356,57.240,63.893,73.253,64.859
1010,70.409,69.705,60.808,70.873,60.305,57.121,57.411,63.790,72.478,65.349
1011,69.634,69.903,60.563,71.536,59.587,56.758,57.166,63.746,72.471,65.466
1012,69.517,69.824,60.618,71.379,60.159,56.537,57.026,63.536,72.355,65.112
1013,69.998,69.671,60.653,71.169,60.388,57.370,57.348,64.000,72.559,65.129
1014,69.623,69.654,60.782,70.871,60.025,57.456,56.886,64.055,72.356,64.281
1015,69.880,70.108,61.024,71.718,60.562,56.758,57.242,63.888,72.764,65.406
1016,70.062,69.862,61.155,72.631,59.927,57.626,57.169,63.352,72.988,65.542
1017,69.676,69.560,60.310,72.428,60.018,57.352,56.722,64.068,72.502,65.209
1018,69.106,69.473,61.367,70.998,60.237,57.103,57.175,63.410,72.819,65.181
1019,69.602,70.052,60.741,71.134,59.997,57.872,56.820,63.178,72.823,64.795
1020,69.811,69.759,60.788,70.416,60.232,57.068,56.896,63.445,72.557,64.711
1021,69.634,70.196,60.863,70.195,60.562,56.779,57.689,63.710,72.738,64.566
1022,69.940,69.882,60.900,70.071,60.753,56.808,57.015,63.262,72.468,64.349
1023,69.710,70.393,60.992,70.308,60.050,57.149,57.409,63.402,72.678,64.209
1024,70.018,70.166,61.122,69.953,60.335,57.246,57.328,63.216,73.433,63.980
1025,69.697,69.392,61.010,69.419,59.547,57.409,56.785,63.445,72.991,64.984
1026,69.667,69.928,60.639,70.172,59.962,57.157,56.856,63.473,73.034,64.068
1027,69.363,69.892,60.880,69.532,59.511,57.292,56.793,63.413,72.755,64.884
1028,70.979,70.309,60.859,69.544,60.050,57.157,57.586,64.087,72.215,65.112
1029,70.862,69.759,61.094,69.247,60.015,56.900,57.389,63.798,72.864,64.261
1030,70.584,69.735,60.663,69.598,60.474,56.612,57.474,63.541,72.581,64.747
1031,70.628,69.502,60.480,69.640,60.363,57.157,57.151,64.104,72.688,64.534
1032,71.786,69.091,60.167,68.631,59.856,57.947,57.859,63.787,72.481,64.297
1033,71.809,69.671,60.510,68.318,59.877,57.349,57.483,62.639,71.258,64.679
1034,70.253,69.436,60.561,68.600,59.552,57.043,57.627,63.276,71.974,63.534
1035,72.064,69.395,60.237,70.080,60.116,57.890,57.240,63.740,72.182,64.337
1036,71.745,69.997,60.516,69.588,60.514,56.726,56.901,63.303,72.338,62.964
1037,71.492,69.674,60.273,69.304,60.103,57.676,57.278,63.161,71.576,63.691
1038,71.499,69.531,60.461,69.028,59.282,56.993,57.478,63.126,71.579,63.273
1039,71.078,69.547,59.824,69.525,60.171,56.719,57.579,63.041,71.863,63.446
1040,72.993,69.862,60.476,69.021,59.184,57.591,57.272,63.467,72.135,63.474
1041,73.310,70.078,60.000,69.362,59.723,57.701,57.056,64.705,72.355,63.691
1042,74.411,69.641,60.251,69.061,59.325,57.890,57.576,63.697,71.280,62.787
1043,75.253,69.694,60.639,68.412,60.212,57.121,57.730,64.142,72.352,63.108
1044,78.205,69.409,60.406,68.026,59.844,57.740,57.518,64.281,72.026,63.116
1045,76.683,69.721,60.396,68.546,59.788,57.701,57.260,64.096,71.614,64.044
1046,78.674,70.248,60.039,68.588,59.937,57.715,56.810,63.093,71.814,63.430
1047,80.660,69.378,60.586,68.155,59.594,56.399,56.978,63.773,71.321,62.647
1048,79.687,69.986,60.494,67.831,59.136,56.979,57.639,63.902,70.958,62.534
1049,81.598,69.702,60.322,68.442,59.443,57.623,57.113,64.276,72.050,64.048
1050,83.161,69.690,60.849,68.336,60.071,57.370,57.076,64.249,71.730,63.896
1051,82.517,69.273,60.033,67.774,60.063,57.477,57.063,63.792,71.310,62.349
1052,79.977,69.426,60.457,67.967,59.640,57.986,57.083,63.538,70.849,63.297
1053,81.326,69.353,60.539,69.202,59.244,57.327,57.104,63.372,71.406,62.996
1054,86.306,75.862,64.822,78.268,60.625,59.456,58.775,63.801,72.278,65.293
1055,88.998,87.022,68.147,85.045,61.501,62.053,60.132,63.582,73.144,66.932
1056,93.720,95.618,68.602,92.242,63.159,64.096,60.018,63.776,72.739,68.076
1057,96.556,107.586,68.612,99.889,66.746,64.317,59.682,64.175,74.285,69.924
1058,95.218,112.174,68.894,107.793,66.416,64.135,60.361,64.369,75.873,72.293
1059,95.287,119.603,71.035,109.398,68.093,64.669,60.573,63.921,75.733,71.402
1060,91.163,123.657,71.514,111.487,70.743,64.363,60.535,63.169,76.489,71.956
1061,87.007,132.636,71.220,119.807,72.625,66.480,61.214,63.934,78.519,72.880
1062,86.476,132.368,69.390,123.442,73.914,65.552,61.096,64.115,78.667,74.928
1063,86.223,131.110,70.022,121.360,73.894,66.495,60.613,64.172,77.694,73.265
1064,84.352,132.901,70.288,123.984,75.302,66.744,61.123,63.183,79.295,74.787
1065,80.857,137.318,68.755,123.871,74.904,66.943,61.697,63.607,81.654,74.675
1066,78.678,138.572,69.561,125.219,73.239,66.665,62.606,63.557,83.149,75.217
1067,78.761,136.795,68.331,122.958,73.446,67.295,62.068,63.637,84.034,75.655
1068,78.032,137.288,69.584,122.704,75.196,67.032,62.439,63.246,84.526,74.791
1069,84.434,140.994,71.233,122.548,77.501,68.192,61.993,64.235,85.286,74.317
1070,84.051,138.517,69.463,122.871,75.773,67.295,61.419,64.464,83.811,73.888
1071,81.621,135.100,69.676,121.000,74.458,66.730,60.570,63.885,83.296,74.052
1072,79.533,134.879,68.755,119.235,75.390,66.879,60.384,63.120,81.936,73.394
1073,78.237,132.281,67.104,121.005,76.270,66.313,59.250,63.344,81.521,73.518
1074,76.152,128.964,65.545,121.668,76.685,64.843,59.055,62.937,80.350,71.719
1075,75.577,128.585,65.714,123.388,73.479,64.701,60.023,63.470,79.725,73.940
1076,75.218,126.453,65.218,122.242,71.426,64.391,59.925,64.008,78.910,73.016
1077,74.954,129.621,65.796,125.125,69.809,63.975,61.025,63.811,78.260,75.213
1078,73.968,129.793,65.637,127.638,71.020,64.904,60.565,62.956,78.140,75.839
1079,73.697,127.734,64.551,122.224,71.496,64.826,60.020,63.962,77.762,73.795
1080,73.970,121.636,64.055,121.174,70.589,63.989,59.884,63.158,76.779,72.984
1081,73.947,115.986,63.902,120.388,68.572,61.911,58.873,62.847,76.402,73.944
1082,73.053,111.975,62.853,120.146,68.388,61.641,58.424,63.566,76.538,72.325
1083,73.186,107.103,62.606,118.871,67.854,60.562,57.823,63.899,75.468,71.815
1084,72.536,101.418,61.882,120.864,66.033,59.733,57.821,62.883,74.588,72.948
1085,72.662,97.491,61.320,117.567,64.257,59.064,58.106,64.090,73.653,71.679
1086,72.405,93.719,61.455,117.141,64.277,59.231,57.773,63.705,74.032,72.719
1087,71.993,92.503,61.655,119.922,63.098,58.320,57.296,63.407,73.468,73.265
1088,72.933,94.831,61.751,123.786,62.791,58.338,58.114,62.984,73.046,73.723
1089,72.517,93.886,61.763,123.908,61.640,57.185,57.530,63.954,72.645,73.847
1090,72.959,93.834,61.612,121.713,62.257,58.117,57.469,63.680,72.700,73.558
1091,72.372,91.034,61.355,116.694,60.642,57.217,57.492,63.825,72.529,72.133
1092,72.154,88.259,61.220,116.849,61.018,57.655,56.934,63.798,72.684,72.546
1093,72.563,85.890,61.031,113.908,61.312,57.310,57.508,63.191,72.491,70.815
1094,71.078,83.699,61.427,112.767,61.715,57.224,57.353,63.464,72.300,70.257
1095,71.823,81.315,60.773,109.111,61.088,57.577,57.237,63.306,72.707,69.960
1096,71.202,79.781,60.745,106.598,61.028,57.459,57.063,63.383,72.532,70.088
1097,71.326,78.936,61.159,104.668,61.118,57.302,56.925,63.623,72.730,69.253
1098,71.811,77.293,60.616,106.624,60.708,56.434,57.424,62.571,72.913,70.647
1099,71.653,76.804,61.039,106.071,61.098,57.395,56.916,63.393,73.032,70.317
1100,71.766,76.132,60.929,104.231,61.088,56.986,57.424,62.992,72.813,69.739
1101,71.097,75.408,61.243,101.826,60.637,56.819,56.982,62.948,72.512,69.197
1102,70.890,74.696,61.555,98.668,60.584,56.512,57.437,63.544,72.318,69.088
1103,70.241,74.136,61.363,96.824,60.793,57.246,56.902,63.544,73.086,68.916
1104,71.639,74.147,61.208,95.075,60.282,57.616,56.834,62.954,72.335,68.213
1105,70.193,72.599,60.318,93.842,60.146,57.907,57.177,63.221,72.846,67.884
1106,70.632,73.469,60.784,92.376,60.463,57.142,56.743,63.525,72.841,68.301
1107,70.795,72.205,60.824,90.873,60.030,56.794,57.179,63.956,73.142,67.972
1108,70.887,72.315,60.853,88.776,60.494,56.972,56.992,63.705,73.154,67.257
1109,70.487,72.038,60.829,88.600,60.501,57.523,57.108,62.290,73.404,66.956
1110,71.152,71.713,60.753,86.311,60.285,57.050,56.343,63.751,72.313,67.647
1111,70.444,71.621,60.857,85.551,60.796,57.573,57.151,63.240,72.333,66.847
1112,70.313,71.647,60.980,84.353,60.053,57.669,56.772,63.781,73.532,66.896
1113,70.400,71.108,60.563,82.659,59.670,57.512,56.748,63.000,73.046,66.486
1114,70.092,71.139,61.143,82.407,60.587,57.270,56.651,63.765,72.644,66.386
1115,70.257,70.682,60.771,81.198,60.335,57.199,57.154,63.705,72.267,66.273
1116,70.117,71.005,60.490,80.494,60.020,57.267,56.679,63.221,72.482,65.165
1117,70.356,70.663,60.973,79.840,60.584,57.235,57.091,63.049,73.328,66.390
1118,70.375,70.984,60.639,78.584,60.159,57.811,56.793,63.352,73.045,65.325
1119,69.699,70.862,60.292,78.242,60.456,56.868,56.662,63.180,73.267,65.747
1120,69.811,70.596,60.294,76.308,60.060,57.132,57.156,63.527,72.829,65.711
1121,70.844,70.560,60.588,76.600,60.035,56.954,56.770,63.434,73.094,65.325
1122,71.605,70.409,60.553,74.753,60.300,57.466,57.563,63.279,72.265,66.120
1123,71.025,70.607,60.980,74.741,60.113,56.925,57.253,63.325,72.316,65.851
1124,70.766,69.741,60.639,73.904,60.076,56.541,56.937,63.847,72.654,65.775
1125,71.034,70.817,60.204,73.769,59.496,57.110,57.175,63.831,72.397,65.193
1126,71.832,70.229,60.365,72.176,59.539,57.160,56.876,63.656,71.643,63.454
1127,71.989,71.161,60.376,72.607,60.338,56.954,57.689,63.027,72.396,64.534
1128,69.855,70.649,60.822,72.913,59.947,56.445,56.796,63.751,73.218,64.325
1129,69.892,69.773,60.706,72.188,60.511,57.391,57.028,63.855,72.286,64.337
1130,70.166,69.734,60.478,71.835,59.884,56.495,56.627,62.877,73.155,65.755
1131,69.207,69.939,60.808,71.200,60.398,56.737,56.964,63.489,72.908,65.414
1132,68.400,69.118,60.782,71.021,59.854,56.737,56.497,62.516,72.302,64.341
1133,67.993,69.727,60.151,70.887,59.937,56.370,56.338,63.675,72.532,64.602
1134,67.501,68.870,60.308,70.256,60.161,57.125,56.733,62.691,72.949,64.964
1135,67.014,68.292,59.655,69.000,59.395,57.174,56.464,62.407,72.573,63.185
1136,66.428,68.370,60.424,69.181,58.899,56.075,56.558,62.546,72.137,63.454
1137,65.922,67.495,60.090,68.906,59.302,56.534,56.298,62.844,72.025,63.341
1138,65.611,68.351,60.386,67.974,59.103,56.473,56.106,62.126,72.129,63.442
1139,65.855,68.063,60.190,68.814,58.882,56.007,56.311,61.948,72.466,63.036
1140,65.903,67.734,61.108,68.129,59.632,56.605,56.305,62.607,72.130,62.811
1141,66.269,67.613,59.818,67.913,58.801,56.669,56.260,62.620,72.213,62.904
1142,65.724,67.624,60.147,68.127,59.650,56.779,56.371,61.973,72.075,63.145
1143,66.198,68.229,60.718,68.292,59.771,56.961,56.190,62.557,72.112,63.992
1144,66.257,67.724,60.749,68.398,59.456,56.690,55.899,62.880,71.884,62.534
1145,66.400,67.831,60.331,67.840,59.746,56.726,56.536,62.385,72.335,63.458
1146,66.736,68.522,60.394,68.687,58.811,57.192,56.776,63.290,72.386,63.586
1147,66.448,67.878,60.133,67.692,59.327,56.641,56.146,62.036,72.124,63.779
1148,66.736,68.041,60.551,68.367,59.353,56.224,56.232,62.645,72.904,64.141
1149,66.777,67.986,60.212,68.202,58.995,56.801,56.243,63.074,72.341,63.586
1150,66.478,68.339,60.012,68.769,59.599,56.826,56.417,62.710,72.453,63.643
1151,66.782,68.056,60.351,68.160,59.343,56.299,56.315,62.727,72.584,63.129
1152,66.772,68.077,60.792,68.080,59.652,57.121,56.075,62.817,72.549,63.177
1153,66.729,68.387,60.380,68.445,59.212,56.669,56.636,62.973,72.184,63.940
1154,67.457,68.506,60.757,68.099,59.217,56.594,56.626,62.322,72.572,63.394
1155,67.055,68.287,60.653,67.452,59.552,57.139,56.472,63.046,72.682,64.060
1156,66.722,67.966,60.733,67.929,59.738,56.292,56.427,63.560,72.805,63.799
1157,67.090,68.245,60.608,67.487,59.544,56.843,56.475,62.888,72.628,63.815
1158,67.593,68.895,60.629,69.294,60.343,56.843,56.659,62.658,72.758,63.426
1159,68.989,68.125,60.386,68.231,59.559,56.345,56.164,62.852,72.484,63.181
1160,67.628,68.139,60.441,68.478,59.448,56.925,56.351,62.533,72.710,63.382
1161,67.646,68.600,60.363,68.271,59.481,56.459,57.088,62.251,72.899,63.775
1162,67.756,68.442,60.453,67.499,59.730,56.548,56.632,63.014,72.609,62.506
1163,67.143,68.592,60.606,68.172,59.542,56.730,57.255,62.986,72.803,63.871
1164,68.432,68.660,60.673,68.235,59.935,57.235,56.659,62.883,72.675,63.418
1165,67.609,68.560,60.594,68.012,59.375,56.754,56.680,63.079,73.024,64.807
1166,68.189,68.702,60.173,68.492,59.587,56.765,56.853,63.320,72.773,64.426
1167,67.703,69.069,60.296,68.299,59.907,56.210,56.437,63.055,72.142,64.530
1168,67.784,69.107,60.396,68.245,59.156,56.577,56.614,62.516,72.569,64.663
1169,68.175,69.191,60.494,68.332,59.882,57.263,56.762,62.740,72.358,62.076
1170,67.743,68.951,60.600,68.464,59.957,57.317,56.336,63.060,72.441,63.333
1171,68.398,69.191,60.492,68.379,59.655,56.765,56.419,63.620,72.557,63.711
1172,68.733,68.428,60.794,68.365,59.730,56.626,56.813,62.205,72.983,63.755
1173,67.752,68.348,60.388,67.718,59.912,56.641,56.644,63.448,72.765,63.783
1174,67.786,69.071,60.269,68.367,59.599,56.950,56.336,62.172,72.799,64.068
1175,68.198,68.371,60.906,68.567,59.398,56.541,57.046,62.642,72.361,64.438
1176,67.825,68.605,60.251,67.925,59.884,56.338,56.258,62.762,72.834,63.683
1177,68.283,68.760,60.814,67.915,59.615,56.011,57.124,62.716,72.650,64.394
1178,68.062,68.870,60.780,68.388,60.156,56.993,56.755,63.189,72.361,64.321
1179,67.260,69.771,60.524,68.308,59.557,56.879,56.803,63.112,72.618,64.221
1180,67.487,69.177,60.047,68.755,59.423,56.573,56.826,62.746,72.337,64.000
1181,67.830,68.983,60.888,68.162,59.516,56.861,56.450,62.445,72.838,63.960
1182,68.253,69.312,60.637,68.075,59.579,57.359,56.634,62.451,72.785,64.618
1183,68.009,68.881,60.459,68.384,60.058,57.733,57.267,62.705,73.311,63.771
1184,67.485,68.784,60.353,67.828,59.597,56.648,56.858,62.268,72.292,63.574
1185,67.708,69.158,60.478,68.071,59.902,56.964,56.841,62.380,72.492,64.221
1186,68.409,69.132,60.527,67.802,59.340,56.715,56.697,62.601,72.749,64.157
1187,68.851,69.103,60.304,68.647,60.343,56.893,56.992,63.459,72.630,64.044
1188,68.322,69.738,60.778,68.238,59.783,56.904,57.301,63.216,73.243,64.181
1189,68.241,69.103,60.765,68.595,60.602,56.858,57.328,62.923,72.677,63.590
1190,68.193,68.680,60.637,68.482,59.761,56.416,56.868,63.246,72.934,64.695
1191,67.802,69.862,60.694,67.868,59.574,57.509,56.675,63.628,73.037,63.787
1192,68.733,68.693,60.969,68.760,59.622,56.591,56.512,63.631,72.182,64.277
1193,68.189,69.218,60.335,68.414,60.660,56.950,57.084,63.393,72.477,64.631
1194,68.375,69.243,60.908,68.824,60.330,56.445,56.798,62.814,72.428,64.060
1195,68.444,68.862,61.151,68.247,59.637,56.957,56.752,63.063,73.258,64.209
1196,68.002,68.729,60.967,68.202,59.950,57.121,56.932,63.139,72.463,64.269
1197,67.938,69.304,61.039,69.035,59.579,56.655,56.939,63.014,73.142,64.651
1198,67.933,69.843,60.841,68.191,59.549,56.292,56.536,62.877,73.027,63.920
1199,67.703,68.850,60.708,68.751,59.582,56.847,57.022,62.997,72.895,64.169
1200,68.147,68.652,60.486,68.308,59.980,55.797,56.829,63.683,72.844,63.414
